id,source,source_url,external_id,observed_at,raw_project_name,mapped_project_slug,title,address,property_type,purpose,price_total_vnd,price_per_m2_vnd,rent_monthly_vnd,area_m2,bedrooms,bathrooms,quality_flags_json,dedupe_key
580,vinhomesonline,https://vinhomesonline.vn/tin/p5-c024-secondary-a4,p5-c024-secondary-a4,2026-06-14T04:45:57.091142+00:00,Khu đô thị Thiên Phú Park,,Bán Biệt thự song lập C024 — Khu đô thị Thiên Phú Park,,villa,sale,28955362678.0,119650259.0,,242.0,3,3,"[""candidate_vinhomesonline"", ""structured_candidate"", ""unmapped_project"", ""status_sold""]",property_candidate:vinhomesonline:p5-c024-secondary-a4
579,vinhomesonline,https://vinhomesonline.vn/tin/p1-a006-secondary-a4,p1-a006-secondary-a4,2026-06-14T04:45:57.062093+00:00,Khu đô thị Hồng Hạc City,,Bán Penthouse A006 — Khu đô thị Hồng Hạc City,,other,sale,18492914088.0,70048917.0,,264.0,1,1,"[""candidate_vinhomesonline"", ""structured_candidate"", ""unmapped_project""]",property_candidate:vinhomesonline:p1-a006-secondary-a4
578,vinhomesonline,https://vinhomesonline.vn/tin/p1-a004-secondary-a4,p1-a004-secondary-a4,2026-06-14T04:45:57.032885+00:00,Khu đô thị Hồng Hạc City,,Bán Shophouse A004 — Khu đô thị Hồng Hạc City,,shophouse,sale,10797958181.0,78817213.0,,137.0,5,1,"[""candidate_vinhomesonline"", ""structured_candidate"", ""unmapped_project""]",property_candidate:vinhomesonline:p1-a004-secondary-a4
577,vinhomesonline,https://vinhomesonline.vn/tin/p1-a002-secondary-a4,p1-a002-secondary-a4,2026-06-14T04:45:57.003783+00:00,Khu đô thị Hồng Hạc City,,Bán Studio A002 — Khu đô thị Hồng Hạc City,,apartment,sale,6745611556.0,55291898.0,,122.0,2,1,"[""candidate_vinhomesonline"", ""structured_candidate"", ""unmapped_project""]",property_candidate:vinhomesonline:p1-a002-secondary-a4
745,vinhomesonline,https://vinhomesonline.vn/tin/p4-b020-rent-a5,p4-b020-rent-a5,2026-06-14T04:45:56.951198+00:00,"Thành phố Bình Minh Ocean Cam Lâm, Khánh Hòa",,"bán Mã: B020 28 triệu/tháng Cho thuê Biệt thự shop B020 — Thành phố Bình Minh Ocean Cam Lâm, Khánh Hòa Biệt thự shop",,villa,rent,,,28000000.0,100.0,1,2,"[""candidate_vinhomesonline"", ""card_candidate"", ""unmapped_project"", ""status_sold""]",property_candidate:vinhomesonline:p4-b020-rent-a5
746,vinhomesonline,https://vinhomesonline.vn/tin/p3-c012-rent-a5,p3-c012-rent-a5,2026-06-14T04:45:56.951198+00:00,"Vịnh Ngọc Riverside Dương Kinh, Hải Phòng",,"bán Mã: C012 60 triệu/tháng Cho thuê Studio C012 — Vịnh Ngọc Riverside Dương Kinh, Hải Phòng",,apartment,rent,,,60000000.0,283.0,0,1,"[""candidate_vinhomesonline"", ""card_candidate"", ""unmapped_project"", ""status_sold""]",property_candidate:vinhomesonline:p3-c012-rent-a5
747,vinhomesonline,https://vinhomesonline.vn/tin/p2-d036-rent-a5,p2-d036-rent-a5,2026-06-14T04:45:56.951198+00:00,"Đại đô thị An Lạc Garden TP. Thủ Đức, TP. Hồ Chí Minh",,"bán Mã: D036 47 triệu/tháng Cho thuê Penthouse D036 — Đại đô thị An Lạc Garden TP. Thủ Đức, TP. Hồ Chí Minh Penthouse","P. Thủ Đức, TP. Hồ Chí Minh Penthouse 3 PN 4 WC 289 m²",other,rent,,,47000000.0,289.0,3,4,"[""candidate_vinhomesonline"", ""card_candidate"", ""unmapped_project"", ""status_sold""]",property_candidate:vinhomesonline:p2-d036-rent-a5
748,vinhomesonline,https://vinhomesonline.vn/tin/p2-c008-rent-a5,p2-c008-rent-a5,2026-06-14T04:45:56.951198+00:00,"Đại đô thị An Lạc Garden TP. Thủ Đức, TP. Hồ Chí Minh",,"bán Mã: C008 10 triệu/tháng Cho thuê Shophouse C008 — Đại đô thị An Lạc Garden TP. Thủ Đức, TP. Hồ Chí Minh Shophouse","P. Thủ Đức, TP. Hồ Chí Minh Shophouse 4 PN 3 WC 206 m²",shophouse,rent,,,10000000.0,206.0,4,3,"[""candidate_vinhomesonline"", ""card_candidate"", ""unmapped_project"", ""status_sold""]",property_candidate:vinhomesonline:p2-c008-rent-a5
749,vinhomesonline,https://vinhomesonline.vn/tin/p1-c026-rent-a5,p1-c026-rent-a5,2026-06-14T04:45:56.951198+00:00,"Khu đô thị Hồng Hạc City Gia Lâm, Hà Nội",,"bán Mã: C026 54 triệu/tháng Cho thuê Biệt thự song lập C026 — Khu đô thị Hồng Hạc City Gia Lâm, Hà Nội Biệt thự song lập",,villa,rent,,,54000000.0,146.0,2,3,"[""candidate_vinhomesonline"", ""card_candidate"", ""unmapped_project"", ""status_sold""]",property_candidate:vinhomesonline:p1-c026-rent-a5
750,vinhomesonline,https://vinhomesonline.vn/tin/p1-a012-rent-a5,p1-a012-rent-a5,2026-06-14T04:45:56.951198+00:00,"Khu đô thị Hồng Hạc City Gia Lâm, Hà Nội",,"Cho thuê Biệt thự tứ lập A012 — Khu đô thị Hồng Hạc City Gia Lâm, Hà Nội Biệt thự tứ lập",,villa,rent,,,71000000.0,251.0,4,3,"[""candidate_vinhomesonline"", ""card_candidate"", ""unmapped_project""]",property_candidate:vinhomesonline:p1-a012-rent-a5
751,vinhomesonline,https://vinhomesonline.vn/tin/p5-b006-rent-a5,p5-b006-rent-a5,2026-06-14T04:45:56.951198+00:00,"Khu đô thị Thiên Phú Park Văn Giang, Hưng Yên",,"Cho thuê Căn hộ B006 — Khu đô thị Thiên Phú Park Văn Giang, Hưng Yên",,apartment,rent,,,82000000.0,69.0,5,1,"[""candidate_vinhomesonline"", ""card_candidate"", ""unmapped_project""]",property_candidate:vinhomesonline:p5-b006-rent-a5
752,vinhomesonline,https://vinhomesonline.vn/tin/p4-b024-rent-a5,p4-b024-rent-a5,2026-06-14T04:45:56.951198+00:00,"Thành phố Bình Minh Ocean Cam Lâm, Khánh Hòa",,"Cho thuê Mặt bằng bán lẻ B024 — Thành phố Bình Minh Ocean Cam Lâm, Khánh Hòa Mặt bằng bán lẻ",,other,rent,,,39000000.0,198.0,5,4,"[""candidate_vinhomesonline"", ""card_candidate"", ""unmapped_project""]",property_candidate:vinhomesonline:p4-b024-rent-a5
753,vinhomesonline,https://vinhomesonline.vn/tin/p3-c016-rent-a5,p3-c016-rent-a5,2026-06-14T04:45:56.951198+00:00,"Vịnh Ngọc Riverside Dương Kinh, Hải Phòng",,"Cho thuê Biệt thự đơn lập C016 — Vịnh Ngọc Riverside Dương Kinh, Hải Phòng Biệt thự đơn lập",,villa,rent,,,88000000.0,185.0,2,4,"[""candidate_vinhomesonline"", ""card_candidate"", ""unmapped_project""]",property_candidate:vinhomesonline:p3-c016-rent-a5
754,vinhomesonline,https://vinhomesonline.vn/tin/p3-a002-rent-a5,p3-a002-rent-a5,2026-06-14T04:45:56.951198+00:00,"Vịnh Ngọc Riverside Dương Kinh, Hải Phòng",,"Cho thuê Penthouse A002 — Vịnh Ngọc Riverside Dương Kinh, Hải Phòng Penthouse",,other,rent,,,53000000.0,131.0,3,3,"[""candidate_vinhomesonline"", ""card_candidate"", ""unmapped_project""]",property_candidate:vinhomesonline:p3-a002-rent-a5
755,vinhomesonline,https://vinhomesonline.vn/tin/p2-c012-rent-a5,p2-c012-rent-a5,2026-06-14T04:45:56.951198+00:00,"Đại đô thị An Lạc Garden TP. Thủ Đức, TP. Hồ Chí Minh",,"Cho thuê Shophouse C012 — Đại đô thị An Lạc Garden TP. Thủ Đức, TP. Hồ Chí Minh Shophouse","P. Thủ Đức, TP. Hồ Chí Minh Shophouse 5 PN 1 WC 130 m²",shophouse,rent,,,79000000.0,130.0,5,1,"[""candidate_vinhomesonline"", ""card_candidate"", ""unmapped_project""]",property_candidate:vinhomesonline:p2-c012-rent-a5
756,vinhomesonline,https://vinhomesonline.vn/tin/p1-c030-rent-a5,p1-c030-rent-a5,2026-06-14T04:45:56.951198+00:00,"Khu đô thị Hồng Hạc City Gia Lâm, Hà Nội",,"Cho thuê Biệt thự shop C030 — Khu đô thị Hồng Hạc City Gia Lâm, Hà Nội Biệt thự shop",,villa,rent,,,60000000.0,165.0,5,1,"[""candidate_vinhomesonline"", ""card_candidate"", ""unmapped_project""]",property_candidate:vinhomesonline:p1-c030-rent-a5
757,vinhomesonline,https://vinhomesonline.vn/tin/p1-a016-rent-a5,p1-a016-rent-a5,2026-06-14T04:45:56.951198+00:00,"Khu đô thị Hồng Hạc City Gia Lâm, Hà Nội",,"Cho thuê Biệt thự đơn lập A016 — Khu đô thị Hồng Hạc City Gia Lâm, Hà Nội Biệt thự đơn lập",,villa,rent,,,81000000.0,243.0,1,4,"[""candidate_vinhomesonline"", ""card_candidate"", ""unmapped_project""]",property_candidate:vinhomesonline:p1-a016-rent-a5
758,vinhomesonline,https://vinhomesonline.vn/tin/p5-b010-rent-a5,p5-b010-rent-a5,2026-06-14T04:45:56.951198+00:00,"Khu đô thị Thiên Phú Park Văn Giang, Hưng Yên",,"bán Mã: B010 44 triệu/tháng Cho thuê Căn hộ B010 — Khu đô thị Thiên Phú Park Văn Giang, Hưng Yên",,apartment,rent,,,44000000.0,109.0,4,1,"[""candidate_vinhomesonline"", ""card_candidate"", ""unmapped_project"", ""status_sold""]",property_candidate:vinhomesonline:p5-b010-rent-a5
759,vinhomesonline,https://vinhomesonline.vn/tin/p4-c002-rent-a5,p4-c002-rent-a5,2026-06-14T04:45:56.951198+00:00,"Thành phố Bình Minh Ocean Cam Lâm, Khánh Hòa",,"bán Mã: C002 84 triệu/tháng Cho thuê Biệt thự đơn lập C002 — Thành phố Bình Minh Ocean Cam Lâm, Khánh Hòa Biệt thự đơn lập",,villa,rent,,,84000000.0,225.0,5,4,"[""candidate_vinhomesonline"", ""card_candidate"", ""unmapped_project"", ""status_sold""]",property_candidate:vinhomesonline:p4-c002-rent-a5
760,vinhomesonline,https://vinhomesonline.vn/tin/p3-c020-rent-a5,p3-c020-rent-a5,2026-06-14T04:45:56.951198+00:00,"Vịnh Ngọc Riverside Dương Kinh, Hải Phòng",,"bán Mã: C020 40 triệu/tháng Cho thuê Biệt thự shop C020 — Vịnh Ngọc Riverside Dương Kinh, Hải Phòng Biệt thự shop",,villa,rent,,,40000000.0,273.0,1,3,"[""candidate_vinhomesonline"", ""card_candidate"", ""unmapped_project"", ""status_sold""]",property_candidate:vinhomesonline:p3-c020-rent-a5
761,vinhomesonline,https://vinhomesonline.vn/tin/p3-a006-rent-a5,p3-a006-rent-a5,2026-06-14T04:45:56.951198+00:00,"Vịnh Ngọc Riverside Dương Kinh, Hải Phòng",,"bán Mã: A006 24 triệu/tháng Cho thuê Văn phòng A006 — Vịnh Ngọc Riverside Dương Kinh, Hải Phòng Văn phòng",,other,rent,,,24000000.0,142.0,3,1,"[""candidate_vinhomesonline"", ""card_candidate"", ""unmapped_project"", ""status_sold""]",property_candidate:vinhomesonline:p3-a006-rent-a5
762,vinhomesonline,https://vinhomesonline.vn/tin/p2-c016-rent-a5,p2-c016-rent-a5,2026-06-14T04:45:56.951198+00:00,"Đại đô thị An Lạc Garden TP. Thủ Đức, TP. Hồ Chí Minh",,"bán Mã: C016 23 triệu/tháng Cho thuê Biệt thự shop C016 — Đại đô thị An Lạc Garden TP. Thủ Đức, TP. Hồ Chí Minh Biệt thự shop","P. Thủ Đức, TP. Hồ Chí Minh Biệt thự shop 5 PN 1 WC 205 m²",villa,rent,,,23000000.0,205.0,5,1,"[""candidate_vinhomesonline"", ""card_candidate"", ""unmapped_project"", ""status_sold""]",property_candidate:vinhomesonline:p2-c016-rent-a5
763,vinhomesonline,https://vinhomesonline.vn/tin/p2-a002-rent-a5,p2-a002-rent-a5,2026-06-14T04:45:56.951198+00:00,"Đại đô thị An Lạc Garden TP. Thủ Đức, TP. Hồ Chí Minh",,"bán Mã: A002 42 triệu/tháng Cho thuê Biệt thự tứ lập A002 — Đại đô thị An Lạc Garden TP. Thủ Đức, TP. Hồ Chí Minh Biệt thự tứ lập","P. Thủ Đức, TP. Hồ Chí Minh Biệt thự tứ lập 2 PN 4 WC 76 m²",villa,rent,,,42000000.0,76.0,2,4,"[""candidate_vinhomesonline"", ""card_candidate"", ""unmapped_project"", ""status_sold""]",property_candidate:vinhomesonline:p2-a002-rent-a5
764,vinhomesonline,https://vinhomesonline.vn/tin/p1-a020-rent-a5,p1-a020-rent-a5,2026-06-14T04:45:56.951198+00:00,"Khu đô thị Hồng Hạc City Gia Lâm, Hà Nội",,"bán Mã: A020 16 triệu/tháng Cho thuê Nhà phố A020 — Khu đô thị Hồng Hạc City Gia Lâm, Hà Nội Nhà phố",,townhouse,rent,,,16000000.0,284.0,2,3,"[""candidate_vinhomesonline"", ""card_candidate"", ""unmapped_project"", ""status_sold""]",property_candidate:vinhomesonline:p1-a020-rent-a5
765,vinhomesonline,https://vinhomesonline.vn/tin/p5-b014-rent-a5,p5-b014-rent-a5,2026-06-14T04:45:56.951198+00:00,"Khu đô thị Thiên Phú Park Văn Giang, Hưng Yên",,"Cho thuê Văn phòng B014 — Khu đô thị Thiên Phú Park Văn Giang, Hưng Yên Văn phòng",,other,rent,,,54000000.0,78.0,1,1,"[""candidate_vinhomesonline"", ""card_candidate"", ""unmapped_project""]",property_candidate:vinhomesonline:p5-b014-rent-a5
766,vinhomesonline,https://vinhomesonline.vn/tin/p4-c006-rent-a5,p4-c006-rent-a5,2026-06-14T04:45:56.951198+00:00,"Thành phố Bình Minh Ocean Cam Lâm, Khánh Hòa",,"Cho thuê Biệt thự tứ lập C006 — Thành phố Bình Minh Ocean Cam Lâm, Khánh Hòa Biệt thự tứ lập",,villa,rent,,,48000000.0,312.0,4,1,"[""candidate_vinhomesonline"", ""card_candidate"", ""unmapped_project""]",property_candidate:vinhomesonline:p4-c006-rent-a5
767,vinhomesonline,https://vinhomesonline.vn/tin/p3-c024-rent-a5,p3-c024-rent-a5,2026-06-14T04:45:56.951198+00:00,"Vịnh Ngọc Riverside Dương Kinh, Hải Phòng",,"Cho thuê Penthouse C024 — Vịnh Ngọc Riverside Dương Kinh, Hải Phòng Penthouse",,other,rent,,,60000000.0,300.0,4,1,"[""candidate_vinhomesonline"", ""card_candidate"", ""unmapped_project""]",property_candidate:vinhomesonline:p3-c024-rent-a5
768,vinhomesonline,https://vinhomesonline.vn/tin/p3-a010-rent-a5,p3-a010-rent-a5,2026-06-14T04:45:56.951198+00:00,"Vịnh Ngọc Riverside Dương Kinh, Hải Phòng",,"Cho thuê Penthouse A010 — Vịnh Ngọc Riverside Dương Kinh, Hải Phòng Penthouse",,other,rent,,,70000000.0,126.0,3,1,"[""candidate_vinhomesonline"", ""card_candidate"", ""unmapped_project""]",property_candidate:vinhomesonline:p3-a010-rent-a5
721,vinhomesonline,https://vinhomesonline.vn/tin/p5-c024-rent-a5,p5-c024-rent-a5,2026-06-14T04:45:56.878702+00:00,"Khu đô thị Thiên Phú Park Văn Giang, Hưng Yên",,"bán Mã: C024 27 triệu/tháng Cho thuê Biệt thự song lập C024 — Khu đô thị Thiên Phú Park Văn Giang, Hưng Yên Biệt thự song lập",,villa,rent,,,27000000.0,242.0,3,3,"[""candidate_vinhomesonline"", ""card_candidate"", ""unmapped_project"", ""status_sold""]",property_candidate:vinhomesonline:p5-c024-rent-a5
722,vinhomesonline,https://vinhomesonline.vn/tin/p5-a010-rent-a5,p5-a010-rent-a5,2026-06-14T04:45:56.878702+00:00,"Khu đô thị Thiên Phú Park Văn Giang, Hưng Yên",,"bán Mã: A010 62 triệu/tháng Cho thuê Penthouse A010 — Khu đô thị Thiên Phú Park Văn Giang, Hưng Yên Penthouse",,other,rent,,,62000000.0,260.0,4,3,"[""candidate_vinhomesonline"", ""card_candidate"", ""unmapped_project"", ""status_sold""]",property_candidate:vinhomesonline:p5-a010-rent-a5
723,vinhomesonline,https://vinhomesonline.vn/tin/p4-b008-rent-a5,p4-b008-rent-a5,2026-06-14T04:45:56.878702+00:00,"Thành phố Bình Minh Ocean Cam Lâm, Khánh Hòa",,"bán Mã: B008 78 triệu/tháng Cho thuê Nhà phố B008 — Thành phố Bình Minh Ocean Cam Lâm, Khánh Hòa Nhà phố",,townhouse,rent,,,78000000.0,120.0,2,4,"[""candidate_vinhomesonline"", ""card_candidate"", ""unmapped_project"", ""status_sold""]",property_candidate:vinhomesonline:p4-b008-rent-a5
724,vinhomesonline,https://vinhomesonline.vn/tin/p3-b026-rent-a5,p3-b026-rent-a5,2026-06-14T04:45:56.878702+00:00,"Vịnh Ngọc Riverside Dương Kinh, Hải Phòng",,"bán Mã: B026 76 triệu/tháng Cho thuê Nhà phố B026 — Vịnh Ngọc Riverside Dương Kinh, Hải Phòng Nhà phố",,townhouse,rent,,,76000000.0,268.0,3,2,"[""candidate_vinhomesonline"", ""card_candidate"", ""unmapped_project"", ""status_sold""]",property_candidate:vinhomesonline:p3-b026-rent-a5
725,vinhomesonline,https://vinhomesonline.vn/tin/p2-d024-rent-a5,p2-d024-rent-a5,2026-06-14T04:45:56.878702+00:00,"Đại đô thị An Lạc Garden TP. Thủ Đức, TP. Hồ Chí Minh",,"bán Mã: D024 87 triệu/tháng Cho thuê Nhà phố D024 — Đại đô thị An Lạc Garden TP. Thủ Đức, TP. Hồ Chí Minh Nhà phố","P. Thủ Đức, TP. Hồ Chí Minh Nhà phố 4 PN 3 WC 76 m²",townhouse,rent,,,87000000.0,76.0,4,3,"[""candidate_vinhomesonline"", ""card_candidate"", ""unmapped_project"", ""status_sold""]",property_candidate:vinhomesonline:p2-d024-rent-a5
726,vinhomesonline,https://vinhomesonline.vn/tin/p2-b022-rent-a5,p2-b022-rent-a5,2026-06-14T04:45:56.878702+00:00,"Đại đô thị An Lạc Garden TP. Thủ Đức, TP. Hồ Chí Minh",,"bán Mã: B022 68 triệu/tháng Cho thuê Biệt thự song lập B022 — Đại đô thị An Lạc Garden TP. Thủ Đức, TP. Hồ Chí Minh Biệt thự song lập","P. Thủ Đức, TP. Hồ Chí Minh Biệt thự song lập 3 PN 3 WC 299 m²",villa,rent,,,68000000.0,299.0,3,3,"[""candidate_vinhomesonline"", ""card_candidate"", ""unmapped_project"", ""status_sold""]",property_candidate:vinhomesonline:p2-b022-rent-a5
727,vinhomesonline,https://vinhomesonline.vn/tin/p1-c014-rent-a5,p1-c014-rent-a5,2026-06-14T04:45:56.878702+00:00,"Khu đô thị Hồng Hạc City Gia Lâm, Hà Nội",,"bán Mã: C014 33 triệu/tháng Cho thuê Văn phòng C014 — Khu đô thị Hồng Hạc City Gia Lâm, Hà Nội Văn phòng",,other,rent,,,33000000.0,320.0,3,1,"[""candidate_vinhomesonline"", ""card_candidate"", ""unmapped_project"", ""status_sold""]",property_candidate:vinhomesonline:p1-c014-rent-a5
728,vinhomesonline,https://vinhomesonline.vn/tin/p5-c028-rent-a5,p5-c028-rent-a5,2026-06-14T04:45:56.878702+00:00,"Khu đô thị Thiên Phú Park Văn Giang, Hưng Yên",,"Cho thuê Biệt thự song lập C028 — Khu đô thị Thiên Phú Park Văn Giang, Hưng Yên Biệt thự song lập",,villa,rent,,,56000000.0,297.0,4,3,"[""candidate_vinhomesonline"", ""card_candidate"", ""unmapped_project""]",property_candidate:vinhomesonline:p5-c028-rent-a5
729,vinhomesonline,https://vinhomesonline.vn/tin/p5-a014-rent-a5,p5-a014-rent-a5,2026-06-14T04:45:56.878702+00:00,"Khu đô thị Thiên Phú Park Văn Giang, Hưng Yên",,"Cho thuê Nhà phố A014 — Khu đô thị Thiên Phú Park Văn Giang, Hưng Yên Nhà phố",,townhouse,rent,,,9000000.0,179.0,5,2,"[""candidate_vinhomesonline"", ""card_candidate"", ""unmapped_project""]",property_candidate:vinhomesonline:p5-a014-rent-a5
730,vinhomesonline,https://vinhomesonline.vn/tin/p4-b012-rent-a5,p4-b012-rent-a5,2026-06-14T04:45:56.878702+00:00,"Thành phố Bình Minh Ocean Cam Lâm, Khánh Hòa",,"Cho thuê Căn hộ B012 — Thành phố Bình Minh Ocean Cam Lâm, Khánh Hòa",,apartment,rent,,,40000000.0,221.0,5,3,"[""candidate_vinhomesonline"", ""card_candidate"", ""unmapped_project""]",property_candidate:vinhomesonline:p4-b012-rent-a5
731,vinhomesonline,https://vinhomesonline.vn/tin/p3-c004-rent-a5,p3-c004-rent-a5,2026-06-14T04:45:56.878702+00:00,"Vịnh Ngọc Riverside Dương Kinh, Hải Phòng",,"Cho thuê Penthouse C004 — Vịnh Ngọc Riverside Dương Kinh, Hải Phòng Penthouse",,other,rent,,,65000000.0,67.0,1,2,"[""candidate_vinhomesonline"", ""card_candidate"", ""unmapped_project""]",property_candidate:vinhomesonline:p3-c004-rent-a5
732,vinhomesonline,https://vinhomesonline.vn/tin/p2-d028-rent-a5,p2-d028-rent-a5,2026-06-14T04:45:56.878702+00:00,"Đại đô thị An Lạc Garden TP. Thủ Đức, TP. Hồ Chí Minh",,"Cho thuê Biệt thự đơn lập D028 — Đại đô thị An Lạc Garden TP. Thủ Đức, TP. Hồ Chí Minh Biệt thự đơn lập","P. Thủ Đức, TP. Hồ Chí Minh Biệt thự đơn lập 1 PN 3 WC 55 m²",villa,rent,,,52000000.0,55.0,1,3,"[""candidate_vinhomesonline"", ""card_candidate"", ""unmapped_project""]",property_candidate:vinhomesonline:p2-d028-rent-a5
733,vinhomesonline,https://vinhomesonline.vn/tin/p2-b026-rent-a5,p2-b026-rent-a5,2026-06-14T04:45:56.878702+00:00,"Đại đô thị An Lạc Garden TP. Thủ Đức, TP. Hồ Chí Minh",,"Cho thuê Biệt thự đơn lập B026 — Đại đô thị An Lạc Garden TP. Thủ Đức, TP. Hồ Chí Minh Biệt thự đơn lập","P. Thủ Đức, TP. Hồ Chí Minh Biệt thự đơn lập 3 PN 1 WC 136 m²",villa,rent,,,20000000.0,136.0,3,1,"[""candidate_vinhomesonline"", ""card_candidate"", ""unmapped_project""]",property_candidate:vinhomesonline:p2-b026-rent-a5
734,vinhomesonline,https://vinhomesonline.vn/tin/p1-c018-rent-a5,p1-c018-rent-a5,2026-06-14T04:45:56.878702+00:00,"Khu đô thị Hồng Hạc City Gia Lâm, Hà Nội",,"Cho thuê Biệt thự tứ lập C018 — Khu đô thị Hồng Hạc City Gia Lâm, Hà Nội Biệt thự tứ lập",,villa,rent,,,27000000.0,304.0,2,4,"[""candidate_vinhomesonline"", ""card_candidate"", ""unmapped_project""]",property_candidate:vinhomesonline:p1-c018-rent-a5
735,vinhomesonline,https://vinhomesonline.vn/tin/p1-a004-rent-a5,p1-a004-rent-a5,2026-06-14T04:45:56.878702+00:00,"Khu đô thị Hồng Hạc City Gia Lâm, Hà Nội",,"Cho thuê Shophouse A004 — Khu đô thị Hồng Hạc City Gia Lâm, Hà Nội Shophouse",,shophouse,rent,,,40000000.0,137.0,5,1,"[""candidate_vinhomesonline"", ""card_candidate"", ""unmapped_project""]",property_candidate:vinhomesonline:p1-a004-rent-a5
736,vinhomesonline,https://vinhomesonline.vn/tin/p5-c032-rent-a5,p5-c032-rent-a5,2026-06-14T04:45:56.878702+00:00,"Khu đô thị Thiên Phú Park Văn Giang, Hưng Yên",,"Cho thuê Shophouse C032 — Khu đô thị Thiên Phú Park Văn Giang, Hưng Yên Shophouse",,shophouse,rent,,,25000000.0,266.0,3,3,"[""candidate_vinhomesonline"", ""card_candidate"", ""unmapped_project""]",property_candidate:vinhomesonline:p5-c032-rent-a5
737,vinhomesonline,https://vinhomesonline.vn/tin/p5-a018-rent-a5,p5-a018-rent-a5,2026-06-14T04:45:56.878702+00:00,"Khu đô thị Thiên Phú Park Văn Giang, Hưng Yên",,"Cho thuê Biệt thự shop A018 — Khu đô thị Thiên Phú Park Văn Giang, Hưng Yên Biệt thự shop",,villa,rent,,,75000000.0,223.0,3,4,"[""candidate_vinhomesonline"", ""card_candidate"", ""unmapped_project""]",property_candidate:vinhomesonline:p5-a018-rent-a5
738,vinhomesonline,https://vinhomesonline.vn/tin/p4-b016-rent-a5,p4-b016-rent-a5,2026-06-14T04:45:56.878702+00:00,"Thành phố Bình Minh Ocean Cam Lâm, Khánh Hòa",,"Cho thuê Penthouse B016 — Thành phố Bình Minh Ocean Cam Lâm, Khánh Hòa Penthouse",,other,rent,,,88000000.0,128.0,5,3,"[""candidate_vinhomesonline"", ""card_candidate"", ""unmapped_project""]",property_candidate:vinhomesonline:p4-b016-rent-a5
739,vinhomesonline,https://vinhomesonline.vn/tin/p3-c008-rent-a5,p3-c008-rent-a5,2026-06-14T04:45:56.878702+00:00,"Vịnh Ngọc Riverside Dương Kinh, Hải Phòng",,"Cho thuê Studio C008 — Vịnh Ngọc Riverside Dương Kinh, Hải Phòng",,apartment,rent,,,61000000.0,216.0,0,3,"[""candidate_vinhomesonline"", ""card_candidate"", ""unmapped_project""]",property_candidate:vinhomesonline:p3-c008-rent-a5
740,vinhomesonline,https://vinhomesonline.vn/tin/p2-d032-rent-a5,p2-d032-rent-a5,2026-06-14T04:45:56.878702+00:00,"Đại đô thị An Lạc Garden TP. Thủ Đức, TP. Hồ Chí Minh",,"Cho thuê Biệt thự đơn lập D032 — Đại đô thị An Lạc Garden TP. Thủ Đức, TP. Hồ Chí Minh Biệt thự đơn lập","P. Thủ Đức, TP. Hồ Chí Minh Biệt thự đơn lập 1 PN 2 WC 276 m²",villa,rent,,,66000000.0,276.0,1,2,"[""candidate_vinhomesonline"", ""card_candidate"", ""unmapped_project""]",property_candidate:vinhomesonline:p2-d032-rent-a5
741,vinhomesonline,https://vinhomesonline.vn/tin/p2-c004-rent-a5,p2-c004-rent-a5,2026-06-14T04:45:56.878702+00:00,"Đại đô thị An Lạc Garden TP. Thủ Đức, TP. Hồ Chí Minh",,"Cho thuê Studio C004 — Đại đô thị An Lạc Garden TP. Thủ Đức, TP. Hồ Chí Minh","P. Thủ Đức, TP. Hồ Chí Minh Studio 2 PN 4 WC 98 m²",apartment,rent,,,39000000.0,98.0,0,4,"[""candidate_vinhomesonline"", ""card_candidate"", ""unmapped_project""]",property_candidate:vinhomesonline:p2-c004-rent-a5
742,vinhomesonline,https://vinhomesonline.vn/tin/p1-c022-rent-a5,p1-c022-rent-a5,2026-06-14T04:45:56.878702+00:00,"Khu đô thị Hồng Hạc City Gia Lâm, Hà Nội",,"Cho thuê Biệt thự shop C022 — Khu đô thị Hồng Hạc City Gia Lâm, Hà Nội Biệt thự shop",,villa,rent,,,11000000.0,250.0,4,4,"[""candidate_vinhomesonline"", ""card_candidate"", ""unmapped_project""]",property_candidate:vinhomesonline:p1-c022-rent-a5
743,vinhomesonline,https://vinhomesonline.vn/tin/p1-a008-rent-a5,p1-a008-rent-a5,2026-06-14T04:45:56.878702+00:00,"Khu đô thị Hồng Hạc City Gia Lâm, Hà Nội",,"Cho thuê Nhà phố A008 — Khu đô thị Hồng Hạc City Gia Lâm, Hà Nội Nhà phố",,townhouse,rent,,,33000000.0,119.0,1,2,"[""candidate_vinhomesonline"", ""card_candidate"", ""unmapped_project""]",property_candidate:vinhomesonline:p1-a008-rent-a5
744,vinhomesonline,https://vinhomesonline.vn/tin/p5-b002-rent-a5,p5-b002-rent-a5,2026-06-14T04:45:56.878702+00:00,"Khu đô thị Thiên Phú Park Văn Giang, Hưng Yên",,"bán Mã: B002 61 triệu/tháng Cho thuê Nhà phố B002 — Khu đô thị Thiên Phú Park Văn Giang, Hưng Yên Nhà phố",,townhouse,rent,,,61000000.0,58.0,5,4,"[""candidate_vinhomesonline"", ""card_candidate"", ""unmapped_project"", ""status_sold""]",property_candidate:vinhomesonline:p5-b002-rent-a5
697,vinhomesonline,https://vinhomesonline.vn/tin/p2-a018-primary-a3,p2-a018-primary-a3,2026-06-14T04:45:56.804881+00:00,"Đại đô thị An Lạc Garden TP. Thủ Đức, TP. Hồ Chí Minh",,"Bán Biệt thự đơn lập A018 — Đại đô thị An Lạc Garden TP. Thủ Đức, TP. Hồ Chí Minh Biệt thự đơn lập","P. Thủ Đức, TP. Hồ Chí Minh Biệt thự đơn lập 2 PN 1 WC 251 m²",villa,sale,13400000000.0,53400000.0,,251.0,2,1,"[""candidate_vinhomesonline"", ""card_candidate"", ""unmapped_project""]",property_candidate:vinhomesonline:p2-a018-primary-a3
698,vinhomesonline,https://vinhomesonline.vn/tin/p1-b016-primary-a3,p1-b016-primary-a3,2026-06-14T04:45:56.804881+00:00,"Khu đô thị Hồng Hạc City Gia Lâm, Hà Nội",,"Bán Shophouse B016 — Khu đô thị Hồng Hạc City Gia Lâm, Hà Nội Shophouse",,shophouse,sale,25800000000.0,103000000.0,,250.0,5,1,"[""candidate_vinhomesonline"", ""card_candidate"", ""unmapped_project""]",property_candidate:vinhomesonline:p1-b016-primary-a3
699,vinhomesonline,https://vinhomesonline.vn/tin/p5-c006-primary-a3,p5-c006-primary-a3,2026-06-14T04:45:56.804881+00:00,"Khu đô thị Thiên Phú Park Văn Giang, Hưng Yên",,"bán 3 môi giới Mã: C006 8.5 tỷ 50,0 triệu/m² Bán Nhà phố C006 — Khu đô thị Thiên Phú Park Văn Giang, Hưng Yên Nhà phố",,townhouse,sale,8500000000.0,50000000.0,,170.0,5,1,"[""candidate_vinhomesonline"", ""card_candidate"", ""unmapped_project"", ""status_sold""]",property_candidate:vinhomesonline:p5-c006-primary-a3
700,vinhomesonline,https://vinhomesonline.vn/tin/p4-c024-primary-a3,p4-c024-primary-a3,2026-06-14T04:45:56.804881+00:00,"Thành phố Bình Minh Ocean Cam Lâm, Khánh Hòa",,"bán 3 môi giới Mã: C024 11.1 tỷ 81,3 triệu/m² Bán Studio C024 — Thành phố Bình Minh Ocean Cam Lâm, Khánh Hòa",,apartment,sale,11100000000.0,81300000.0,,137.0,0,2,"[""candidate_vinhomesonline"", ""card_candidate"", ""unmapped_project"", ""status_sold""]",property_candidate:vinhomesonline:p4-c024-primary-a3
701,vinhomesonline,https://vinhomesonline.vn/tin/p4-a010-primary-a3,p4-a010-primary-a3,2026-06-14T04:45:56.804881+00:00,"Thành phố Bình Minh Ocean Cam Lâm, Khánh Hòa",,"bán 3 môi giới Mã: A010 14.1 tỷ 47,8 triệu/m² Bán Văn phòng A010 — Thành phố Bình Minh Ocean Cam Lâm, Khánh Hòa Văn phòng",,other,sale,14100000000.0,47800000.0,,294.0,1,2,"[""candidate_vinhomesonline"", ""card_candidate"", ""unmapped_project"", ""status_sold""]",property_candidate:vinhomesonline:p4-a010-primary-a3
702,vinhomesonline,https://vinhomesonline.vn/tin/p3-b008-primary-a3,p3-b008-primary-a3,2026-06-14T04:45:56.804881+00:00,"Vịnh Ngọc Riverside Dương Kinh, Hải Phòng",,"bán 3 môi giới Mã: B008 7.3 tỷ 66,5 triệu/m² Bán Studio B008 — Vịnh Ngọc Riverside Dương Kinh, Hải Phòng",,apartment,sale,7300000000.0,66500000.0,,109.0,0,1,"[""candidate_vinhomesonline"", ""card_candidate"", ""unmapped_project"", ""status_sold""]",property_candidate:vinhomesonline:p3-b008-primary-a3
703,vinhomesonline,https://vinhomesonline.vn/tin/p2-d006-primary-a3,p2-d006-primary-a3,2026-06-14T04:45:56.804881+00:00,"Đại đô thị An Lạc Garden TP. Thủ Đức, TP. Hồ Chí Minh",,"bán 3 môi giới Mã: D006 23.2 tỷ 98,1 triệu/m² Bán Mặt bằng bán lẻ D006 — Đại đô thị An Lạc Garden TP. Thủ Đức, TP. Hồ Chí Minh Mặt bằng bán lẻ","P. Thủ Đức, TP. Hồ Chí Minh Mặt bằng bán lẻ 2 PN 4 WC 236 m²",other,sale,23200000000.0,98100000.0,,236.0,2,4,"[""candidate_vinhomesonline"", ""card_candidate"", ""unmapped_project"", ""status_sold""]",property_candidate:vinhomesonline:p2-d006-primary-a3
704,vinhomesonline,https://vinhomesonline.vn/tin/p2-b004-primary-a3,p2-b004-primary-a3,2026-06-14T04:45:56.804881+00:00,"Đại đô thị An Lạc Garden TP. Thủ Đức, TP. Hồ Chí Minh",,"bán 3 môi giới Mã: B004 12.3 tỷ 64,8 triệu/m² Bán Căn hộ B004 — Đại đô thị An Lạc Garden TP. Thủ Đức, TP. Hồ Chí Minh","P. Thủ Đức, TP. Hồ Chí Minh Căn hộ 4 PN 3 WC 190 m²",apartment,sale,12300000000.0,64800000.0,,190.0,4,3,"[""candidate_vinhomesonline"", ""card_candidate"", ""unmapped_project"", ""status_sold""]",property_candidate:vinhomesonline:p2-b004-primary-a3
705,vinhomesonline,https://vinhomesonline.vn/tin/p1-b022-primary-a3,p1-b022-primary-a3,2026-06-14T04:45:56.804881+00:00,"Khu đô thị Hồng Hạc City Gia Lâm, Hà Nội",,"bán 3 môi giới Mã: B022 21.3 tỷ 81,7 triệu/m² Bán Nhà phố B022 — Khu đô thị Hồng Hạc City Gia Lâm, Hà Nội Nhà phố",,townhouse,sale,21300000000.0,81700000.0,,261.0,2,3,"[""candidate_vinhomesonline"", ""card_candidate"", ""unmapped_project"", ""status_sold""]",property_candidate:vinhomesonline:p1-b022-primary-a3
706,vinhomesonline,https://vinhomesonline.vn/tin/p5-c012-primary-a3,p5-c012-primary-a3,2026-06-14T04:45:56.804881+00:00,"Khu đô thị Thiên Phú Park Văn Giang, Hưng Yên",,"Bán Shophouse C012 — Khu đô thị Thiên Phú Park Văn Giang, Hưng Yên Shophouse",,shophouse,sale,17300000000.0,67200000.0,,257.0,2,3,"[""candidate_vinhomesonline"", ""card_candidate"", ""unmapped_project""]",property_candidate:vinhomesonline:p5-c012-primary-a3
707,vinhomesonline,https://vinhomesonline.vn/tin/p4-c030-primary-a3,p4-c030-primary-a3,2026-06-14T04:45:56.804881+00:00,"Thành phố Bình Minh Ocean Cam Lâm, Khánh Hòa",,"Bán Penthouse C030 — Thành phố Bình Minh Ocean Cam Lâm, Khánh Hòa Penthouse",,other,sale,10700000000.0,47500000.0,,225.0,4,1,"[""candidate_vinhomesonline"", ""card_candidate"", ""unmapped_project""]",property_candidate:vinhomesonline:p4-c030-primary-a3
708,vinhomesonline,https://vinhomesonline.vn/tin/p4-a016-primary-a3,p4-a016-primary-a3,2026-06-14T04:45:56.804881+00:00,"Thành phố Bình Minh Ocean Cam Lâm, Khánh Hòa",,"Bán Biệt thự tứ lập A016 — Thành phố Bình Minh Ocean Cam Lâm, Khánh Hòa Biệt thự tứ lập",,villa,sale,3600000000.0,48500000.0,,74.0,1,1,"[""candidate_vinhomesonline"", ""card_candidate"", ""unmapped_project""]",property_candidate:vinhomesonline:p4-a016-primary-a3
709,vinhomesonline,https://vinhomesonline.vn/tin/p2-d012-primary-a3,p2-d012-primary-a3,2026-06-14T04:45:56.804881+00:00,"Đại đô thị An Lạc Garden TP. Thủ Đức, TP. Hồ Chí Minh",,"Bán Studio D012 — Đại đô thị An Lạc Garden TP. Thủ Đức, TP. Hồ Chí Minh","P. Thủ Đức, TP. Hồ Chí Minh Studio 4 PN 3 WC 78 m²",apartment,sale,3200000000.0,41300000.0,,78.0,0,3,"[""candidate_vinhomesonline"", ""card_candidate"", ""unmapped_project""]",property_candidate:vinhomesonline:p2-d012-primary-a3
710,vinhomesonline,https://vinhomesonline.vn/tin/p3-b014-primary-a3,p3-b014-primary-a3,2026-06-14T04:45:56.804881+00:00,"Vịnh Ngọc Riverside Dương Kinh, Hải Phòng",,"Bán Biệt thự đơn lập B014 — Vịnh Ngọc Riverside Dương Kinh, Hải Phòng Biệt thự đơn lập",,villa,sale,14800000000.0,87000000.0,,170.0,2,2,"[""candidate_vinhomesonline"", ""card_candidate"", ""unmapped_project""]",property_candidate:vinhomesonline:p3-b014-primary-a3
711,vinhomesonline,https://vinhomesonline.vn/tin/p2-b010-primary-a3,p2-b010-primary-a3,2026-06-14T04:45:56.804881+00:00,"Đại đô thị An Lạc Garden TP. Thủ Đức, TP. Hồ Chí Minh",,"Bán Penthouse B010 — Đại đô thị An Lạc Garden TP. Thủ Đức, TP. Hồ Chí Minh Penthouse","P. Thủ Đức, TP. Hồ Chí Minh Penthouse 2 PN 4 WC 223 m²",other,sale,24400000000.0,109600000.0,,223.0,2,4,"[""candidate_vinhomesonline"", ""card_candidate"", ""unmapped_project""]",property_candidate:vinhomesonline:p2-b010-primary-a3
712,vinhomesonline,https://vinhomesonline.vn/tin/p1-c002-primary-a3,p1-c002-primary-a3,2026-06-14T04:45:56.804881+00:00,"Khu đô thị Hồng Hạc City Gia Lâm, Hà Nội",,"Bán Biệt thự shop C002 — Khu đô thị Hồng Hạc City Gia Lâm, Hà Nội Biệt thự shop",,villa,sale,12000000000.0,105400000.0,,114.0,2,1,"[""candidate_vinhomesonline"", ""card_candidate"", ""unmapped_project""]",property_candidate:vinhomesonline:p1-c002-primary-a3
713,vinhomesonline,https://vinhomesonline.vn/tin/p5-c018-primary-a3,p5-c018-primary-a3,2026-06-14T04:45:56.804881+00:00,"Khu đô thị Thiên Phú Park Văn Giang, Hưng Yên",,"Bán Penthouse C018 — Khu đô thị Thiên Phú Park Văn Giang, Hưng Yên Penthouse",,other,sale,28600000000.0,101400000.0,,282.0,5,2,"[""candidate_vinhomesonline"", ""card_candidate"", ""unmapped_project""]",property_candidate:vinhomesonline:p5-c018-primary-a3
714,vinhomesonline,https://vinhomesonline.vn/tin/p5-a004-primary-a3,p5-a004-primary-a3,2026-06-14T04:45:56.804881+00:00,"Khu đô thị Thiên Phú Park Văn Giang, Hưng Yên",,"Bán Penthouse A004 — Khu đô thị Thiên Phú Park Văn Giang, Hưng Yên Penthouse",,other,sale,19800000000.0,81900000.0,,242.0,1,1,"[""candidate_vinhomesonline"", ""card_candidate"", ""unmapped_project""]",property_candidate:vinhomesonline:p5-a004-primary-a3
715,vinhomesonline,https://vinhomesonline.vn/tin/p4-b002-primary-a3,p4-b002-primary-a3,2026-06-14T04:45:56.804881+00:00,"Thành phố Bình Minh Ocean Cam Lâm, Khánh Hòa",,"Bán Mặt bằng bán lẻ B002 — Thành phố Bình Minh Ocean Cam Lâm, Khánh Hòa Mặt bằng bán lẻ",,other,sale,14600000000.0,113000000.0,,129.0,3,1,"[""candidate_vinhomesonline"", ""card_candidate"", ""unmapped_project""]",property_candidate:vinhomesonline:p4-b002-primary-a3
716,vinhomesonline,https://vinhomesonline.vn/tin/p3-b020-primary-a3,p3-b020-primary-a3,2026-06-14T04:45:56.804881+00:00,"Vịnh Ngọc Riverside Dương Kinh, Hải Phòng",,"Bán Penthouse B020 — Vịnh Ngọc Riverside Dương Kinh, Hải Phòng Penthouse",,other,sale,28200000000.0,102600000.0,,275.0,5,4,"[""candidate_vinhomesonline"", ""card_candidate"", ""unmapped_project""]",property_candidate:vinhomesonline:p3-b020-primary-a3
717,vinhomesonline,https://vinhomesonline.vn/tin/p2-d018-primary-a3,p2-d018-primary-a3,2026-06-14T04:45:56.804881+00:00,"Đại đô thị An Lạc Garden TP. Thủ Đức, TP. Hồ Chí Minh",,"Bán Penthouse D018 — Đại đô thị An Lạc Garden TP. Thủ Đức, TP. Hồ Chí Minh Penthouse","P. Thủ Đức, TP. Hồ Chí Minh Penthouse 4 PN 1 WC 212 m²",other,sale,24800000000.0,117100000.0,,212.0,4,1,"[""candidate_vinhomesonline"", ""card_candidate"", ""unmapped_project""]",property_candidate:vinhomesonline:p2-d018-primary-a3
718,vinhomesonline,https://vinhomesonline.vn/tin/p2-b016-primary-a3,p2-b016-primary-a3,2026-06-14T04:45:56.804881+00:00,"Đại đô thị An Lạc Garden TP. Thủ Đức, TP. Hồ Chí Minh",,"Bán Nhà phố B016 — Đại đô thị An Lạc Garden TP. Thủ Đức, TP. Hồ Chí Minh Nhà phố","P. Thủ Đức, TP. Hồ Chí Minh Nhà phố 5 PN 3 WC 316 m²",townhouse,sale,30000000000.0,95000000.0,,316.0,5,3,"[""candidate_vinhomesonline"", ""card_candidate"", ""unmapped_project""]",property_candidate:vinhomesonline:p2-b016-primary-a3
719,vinhomesonline,https://vinhomesonline.vn/tin/p1-c008-primary-a3,p1-c008-primary-a3,2026-06-14T04:45:56.804881+00:00,"Khu đô thị Hồng Hạc City Gia Lâm, Hà Nội",,"Bán Penthouse C008 — Khu đô thị Hồng Hạc City Gia Lâm, Hà Nội Penthouse",,other,sale,22900000000.0,108700000.0,,211.0,1,4,"[""candidate_vinhomesonline"", ""card_candidate"", ""unmapped_project""]",property_candidate:vinhomesonline:p1-c008-primary-a3
720,vinhomesonline,https://vinhomesonline.vn/tin/p5-c027-primary-a2,p5-c027-primary-a2,2026-06-14T04:45:56.804881+00:00,"Khu đô thị Thiên Phú Park Văn Giang, Hưng Yên",,"Bán Penthouse C027 — Khu đô thị Thiên Phú Park Văn Giang, Hưng Yên Penthouse",,other,sale,14500000000.0,52600000.0,,276.0,1,4,"[""candidate_vinhomesonline"", ""card_candidate"", ""unmapped_project""]",property_candidate:vinhomesonline:p5-c027-primary-a2
673,vinhomesonline,https://vinhomesonline.vn/tin/p3-c018-primary-a3,p3-c018-primary-a3,2026-06-14T04:45:56.674627+00:00,"Vịnh Ngọc Riverside Dương Kinh, Hải Phòng",,"Bán Biệt thự song lập C018 — Vịnh Ngọc Riverside Dương Kinh, Hải Phòng Biệt thự song lập",,villa,sale,27700000000.0,103900000.0,,267.0,5,4,"[""candidate_vinhomesonline"", ""card_candidate"", ""unmapped_project""]",property_candidate:vinhomesonline:p3-c018-primary-a3
674,vinhomesonline,https://vinhomesonline.vn/tin/p3-a004-primary-a3,p3-a004-primary-a3,2026-06-14T04:45:56.674627+00:00,"Vịnh Ngọc Riverside Dương Kinh, Hải Phòng",,"Bán Shophouse A004 — Vịnh Ngọc Riverside Dương Kinh, Hải Phòng Shophouse",,shophouse,sale,8100000000.0,47300000.0,,171.0,4,2,"[""candidate_vinhomesonline"", ""card_candidate"", ""unmapped_project""]",property_candidate:vinhomesonline:p3-a004-primary-a3
675,vinhomesonline,https://vinhomesonline.vn/tin/p2-c014-primary-a3,p2-c014-primary-a3,2026-06-14T04:45:56.674627+00:00,"Đại đô thị An Lạc Garden TP. Thủ Đức, TP. Hồ Chí Minh",,"Bán Biệt thự song lập C014 — Đại đô thị An Lạc Garden TP. Thủ Đức, TP. Hồ Chí Minh Biệt thự song lập","P. Thủ Đức, TP. Hồ Chí Minh Biệt thự song lập 1 PN 4 WC 61 m²",villa,sale,2900000000.0,47300000.0,,61.0,1,4,"[""candidate_vinhomesonline"", ""card_candidate"", ""unmapped_project""]",property_candidate:vinhomesonline:p2-c014-primary-a3
676,vinhomesonline,https://vinhomesonline.vn/tin/p1-c032-primary-a3,p1-c032-primary-a3,2026-06-14T04:45:56.674627+00:00,"Khu đô thị Hồng Hạc City Gia Lâm, Hà Nội",,"Bán Biệt thự đơn lập C032 — Khu đô thị Hồng Hạc City Gia Lâm, Hà Nội Biệt thự đơn lập",,villa,sale,10900000000.0,53200000.0,,205.0,5,2,"[""candidate_vinhomesonline"", ""card_candidate"", ""unmapped_project""]",property_candidate:vinhomesonline:p1-c032-primary-a3
677,vinhomesonline,https://vinhomesonline.vn/tin/p1-a018-primary-a3,p1-a018-primary-a3,2026-06-14T04:45:56.674627+00:00,"Khu đô thị Hồng Hạc City Gia Lâm, Hà Nội",,"Bán Biệt thự shop A018 — Khu đô thị Hồng Hạc City Gia Lâm, Hà Nội Biệt thự shop",,villa,sale,8500000000.0,41800000.0,,204.0,4,4,"[""candidate_vinhomesonline"", ""card_candidate"", ""unmapped_project""]",property_candidate:vinhomesonline:p1-a018-primary-a3
678,vinhomesonline,https://vinhomesonline.vn/tin/p5-b014-primary-a3,p5-b014-primary-a3,2026-06-14T04:45:56.674627+00:00,"Khu đô thị Thiên Phú Park Văn Giang, Hưng Yên",,"Bán Văn phòng B014 — Khu đô thị Thiên Phú Park Văn Giang, Hưng Yên Văn phòng",,other,sale,5000000000.0,64000000.0,,78.0,1,1,"[""candidate_vinhomesonline"", ""card_candidate"", ""unmapped_project""]",property_candidate:vinhomesonline:p5-b014-primary-a3
679,vinhomesonline,https://vinhomesonline.vn/tin/p4-c006-primary-a3,p4-c006-primary-a3,2026-06-14T04:45:56.674627+00:00,"Thành phố Bình Minh Ocean Cam Lâm, Khánh Hòa",,"Bán Biệt thự tứ lập C006 — Thành phố Bình Minh Ocean Cam Lâm, Khánh Hòa Biệt thự tứ lập",,villa,sale,22500000000.0,72000000.0,,312.0,4,1,"[""candidate_vinhomesonline"", ""card_candidate"", ""unmapped_project""]",property_candidate:vinhomesonline:p4-c006-primary-a3
680,vinhomesonline,https://vinhomesonline.vn/tin/p3-c024-primary-a3,p3-c024-primary-a3,2026-06-14T04:45:56.674627+00:00,"Vịnh Ngọc Riverside Dương Kinh, Hải Phòng",,"Bán Penthouse C024 — Vịnh Ngọc Riverside Dương Kinh, Hải Phòng Penthouse",,other,sale,18700000000.0,62200000.0,,300.0,4,1,"[""candidate_vinhomesonline"", ""card_candidate"", ""unmapped_project""]",property_candidate:vinhomesonline:p3-c024-primary-a3
681,vinhomesonline,https://vinhomesonline.vn/tin/p3-a010-primary-a3,p3-a010-primary-a3,2026-06-14T04:45:56.674627+00:00,"Vịnh Ngọc Riverside Dương Kinh, Hải Phòng",,"Bán Penthouse A010 — Vịnh Ngọc Riverside Dương Kinh, Hải Phòng Penthouse",,other,sale,9100000000.0,72000000.0,,126.0,3,1,"[""candidate_vinhomesonline"", ""card_candidate"", ""unmapped_project""]",property_candidate:vinhomesonline:p3-a010-primary-a3
682,vinhomesonline,https://vinhomesonline.vn/tin/p2-c020-primary-a3,p2-c020-primary-a3,2026-06-14T04:45:56.674627+00:00,"Đại đô thị An Lạc Garden TP. Thủ Đức, TP. Hồ Chí Minh",,"Bán Văn phòng C020 — Đại đô thị An Lạc Garden TP. Thủ Đức, TP. Hồ Chí Minh Văn phòng","P. Thủ Đức, TP. Hồ Chí Minh Văn phòng 2 PN 2 WC 135 m²",other,sale,6800000000.0,50300000.0,,135.0,2,2,"[""candidate_vinhomesonline"", ""card_candidate"", ""unmapped_project""]",property_candidate:vinhomesonline:p2-c020-primary-a3
683,vinhomesonline,https://vinhomesonline.vn/tin/p2-a006-primary-a3,p2-a006-primary-a3,2026-06-14T04:45:56.674627+00:00,"Đại đô thị An Lạc Garden TP. Thủ Đức, TP. Hồ Chí Minh",,"Bán Văn phòng A006 — Đại đô thị An Lạc Garden TP. Thủ Đức, TP. Hồ Chí Minh Văn phòng","P. Thủ Đức, TP. Hồ Chí Minh Văn phòng 5 PN 2 WC 91 m²",other,sale,7900000000.0,86700000.0,,91.0,5,2,"[""candidate_vinhomesonline"", ""card_candidate"", ""unmapped_project""]",property_candidate:vinhomesonline:p2-a006-primary-a3
684,vinhomesonline,https://vinhomesonline.vn/tin/p1-b004-primary-a3,p1-b004-primary-a3,2026-06-14T04:45:56.674627+00:00,"Khu đô thị Hồng Hạc City Gia Lâm, Hà Nội",,"Bán Biệt thự shop B004 — Khu đô thị Hồng Hạc City Gia Lâm, Hà Nội Biệt thự shop",,villa,sale,25100000000.0,98600000.0,,255.0,5,2,"[""candidate_vinhomesonline"", ""card_candidate"", ""unmapped_project""]",property_candidate:vinhomesonline:p1-b004-primary-a3
685,vinhomesonline,https://vinhomesonline.vn/tin/p5-b020-primary-a3,p5-b020-primary-a3,2026-06-14T04:45:56.674627+00:00,"Khu đô thị Thiên Phú Park Văn Giang, Hưng Yên",,"bán 3 môi giới Mã: B020 5.1 tỷ 42,6 triệu/m² Bán Mặt bằng bán lẻ B020 — Khu đô thị Thiên Phú Park Văn Giang, Hưng Yên Mặt bằng bán lẻ",,other,sale,5100000000.0,42600000.0,,120.0,1,4,"[""candidate_vinhomesonline"", ""card_candidate"", ""unmapped_project"", ""status_sold""]",property_candidate:vinhomesonline:p5-b020-primary-a3
686,vinhomesonline,https://vinhomesonline.vn/tin/p4-c012-primary-a3,p4-c012-primary-a3,2026-06-14T04:45:56.674627+00:00,"Thành phố Bình Minh Ocean Cam Lâm, Khánh Hòa",,"bán 3 môi giới Mã: C012 2.5 tỷ 54,8 triệu/m² Bán Biệt thự shop C012 — Thành phố Bình Minh Ocean Cam Lâm, Khánh Hòa Biệt thự shop",,villa,sale,2500000000.0,54800000.0,,45.0,5,4,"[""candidate_vinhomesonline"", ""card_candidate"", ""unmapped_project"", ""status_sold""]",property_candidate:vinhomesonline:p4-c012-primary-a3
687,vinhomesonline,https://vinhomesonline.vn/tin/p3-c030-primary-a3,p3-c030-primary-a3,2026-06-14T04:45:56.674627+00:00,"Vịnh Ngọc Riverside Dương Kinh, Hải Phòng",,"bán 3 môi giới Mã: C030 18.4 tỷ 114,1 triệu/m² Bán Mặt bằng bán lẻ C030 — Vịnh Ngọc Riverside Dương Kinh, Hải Phòng Mặt bằng bán lẻ",,other,sale,18400000000.0,114100000.0,,161.0,1,2,"[""candidate_vinhomesonline"", ""card_candidate"", ""unmapped_project"", ""status_sold""]",property_candidate:vinhomesonline:p3-c030-primary-a3
688,vinhomesonline,https://vinhomesonline.vn/tin/p3-a016-primary-a3,p3-a016-primary-a3,2026-06-14T04:45:56.674627+00:00,"Vịnh Ngọc Riverside Dương Kinh, Hải Phòng",,"bán 3 môi giới Mã: A016 18.9 tỷ 62,6 triệu/m² Bán Biệt thự shop A016 — Vịnh Ngọc Riverside Dương Kinh, Hải Phòng Biệt thự shop",,villa,sale,18900000000.0,62600000.0,,301.0,2,1,"[""candidate_vinhomesonline"", ""card_candidate"", ""unmapped_project"", ""status_sold""]",property_candidate:vinhomesonline:p3-a016-primary-a3
689,vinhomesonline,https://vinhomesonline.vn/tin/p2-c026-primary-a3,p2-c026-primary-a3,2026-06-14T04:45:56.674627+00:00,"Đại đô thị An Lạc Garden TP. Thủ Đức, TP. Hồ Chí Minh",,"bán 3 môi giới Mã: C026 25.2 tỷ 88,3 triệu/m² Bán Biệt thự tứ lập C026 — Đại đô thị An Lạc Garden TP. Thủ Đức, TP. Hồ Chí Minh Biệt thự tứ lập","P. Thủ Đức, TP. Hồ Chí Minh Biệt thự tứ lập 4 PN 1 WC 286 m²",villa,sale,25200000000.0,88300000.0,,286.0,4,1,"[""candidate_vinhomesonline"", ""card_candidate"", ""unmapped_project"", ""status_sold""]",property_candidate:vinhomesonline:p2-c026-primary-a3
690,vinhomesonline,https://vinhomesonline.vn/tin/p2-a012-primary-a3,p2-a012-primary-a3,2026-06-14T04:45:56.674627+00:00,"Đại đô thị An Lạc Garden TP. Thủ Đức, TP. Hồ Chí Minh",,"bán 3 môi giới Mã: A012 21 tỷ 76,7 triệu/m² Bán Biệt thự tứ lập A012 — Đại đô thị An Lạc Garden TP. Thủ Đức, TP. Hồ Chí Minh Biệt thự tứ lập","P. Thủ Đức, TP. Hồ Chí Minh Biệt thự tứ lập 4 PN 1 WC 274 m²",villa,sale,21000000000.0,76700000.0,,274.0,4,1,"[""candidate_vinhomesonline"", ""card_candidate"", ""unmapped_project"", ""status_sold""]",property_candidate:vinhomesonline:p2-a012-primary-a3
691,vinhomesonline,https://vinhomesonline.vn/tin/p1-b010-primary-a3,p1-b010-primary-a3,2026-06-14T04:45:56.674627+00:00,"Khu đô thị Hồng Hạc City Gia Lâm, Hà Nội",,"bán 3 môi giới Mã: B010 13 tỷ 75,4 triệu/m² Bán Biệt thự song lập B010 — Khu đô thị Hồng Hạc City Gia Lâm, Hà Nội Biệt thự song lập",,villa,sale,13000000000.0,75400000.0,,173.0,5,4,"[""candidate_vinhomesonline"", ""card_candidate"", ""unmapped_project"", ""status_sold""]",property_candidate:vinhomesonline:p1-b010-primary-a3
692,vinhomesonline,https://vinhomesonline.vn/tin/p5-b026-primary-a3,p5-b026-primary-a3,2026-06-14T04:45:56.674627+00:00,"Khu đô thị Thiên Phú Park Văn Giang, Hưng Yên",,"Bán Nhà phố B026 — Khu đô thị Thiên Phú Park Văn Giang, Hưng Yên Nhà phố",,townhouse,sale,28400000000.0,94100000.0,,302.0,5,2,"[""candidate_vinhomesonline"", ""card_candidate"", ""unmapped_project""]",property_candidate:vinhomesonline:p5-b026-primary-a3
693,vinhomesonline,https://vinhomesonline.vn/tin/p4-c018-primary-a3,p4-c018-primary-a3,2026-06-14T04:45:56.674627+00:00,"Thành phố Bình Minh Ocean Cam Lâm, Khánh Hòa",,"Bán Studio C018 — Thành phố Bình Minh Ocean Cam Lâm, Khánh Hòa",,apartment,sale,20400000000.0,80500000.0,,253.0,0,4,"[""candidate_vinhomesonline"", ""card_candidate"", ""unmapped_project""]",property_candidate:vinhomesonline:p4-c018-primary-a3
694,vinhomesonline,https://vinhomesonline.vn/tin/p4-a004-primary-a3,p4-a004-primary-a3,2026-06-14T04:45:56.674627+00:00,"Thành phố Bình Minh Ocean Cam Lâm, Khánh Hòa",,"Bán Căn hộ A004 — Thành phố Bình Minh Ocean Cam Lâm, Khánh Hòa",,apartment,sale,10100000000.0,86900000.0,,116.0,2,2,"[""candidate_vinhomesonline"", ""card_candidate"", ""unmapped_project""]",property_candidate:vinhomesonline:p4-a004-primary-a3
695,vinhomesonline,https://vinhomesonline.vn/tin/p3-b002-primary-a3,p3-b002-primary-a3,2026-06-14T04:45:56.674627+00:00,"Vịnh Ngọc Riverside Dương Kinh, Hải Phòng",,"Bán Mặt bằng bán lẻ B002 — Vịnh Ngọc Riverside Dương Kinh, Hải Phòng Mặt bằng bán lẻ",,other,sale,17400000000.0,99000000.0,,176.0,3,4,"[""candidate_vinhomesonline"", ""card_candidate"", ""unmapped_project""]",property_candidate:vinhomesonline:p3-b002-primary-a3
696,vinhomesonline,https://vinhomesonline.vn/tin/p2-c032-primary-a3,p2-c032-primary-a3,2026-06-14T04:45:56.674627+00:00,"Đại đô thị An Lạc Garden TP. Thủ Đức, TP. Hồ Chí Minh",,"Bán Penthouse C032 — Đại đô thị An Lạc Garden TP. Thủ Đức, TP. Hồ Chí Minh Penthouse","P. Thủ Đức, TP. Hồ Chí Minh Penthouse 1 PN 4 WC 104 m²",other,sale,8600000000.0,82900000.0,,104.0,1,4,"[""candidate_vinhomesonline"", ""card_candidate"", ""unmapped_project""]",property_candidate:vinhomesonline:p2-c032-primary-a3
649,vinhomesonline,https://vinhomesonline.vn/tin/p5-c024-primary-a3,p5-c024-primary-a3,2026-06-14T04:45:56.597384+00:00,"Khu đô thị Thiên Phú Park Văn Giang, Hưng Yên",,"bán 3 môi giới Mã: C024 29 tỷ 119,7 triệu/m² Bán Biệt thự song lập C024 — Khu đô thị Thiên Phú Park Văn Giang, Hưng Yên Biệt thự song lập",,villa,sale,29000000000.0,119700000.0,,242.0,3,3,"[""candidate_vinhomesonline"", ""card_candidate"", ""unmapped_project"", ""status_sold""]",property_candidate:vinhomesonline:p5-c024-primary-a3
650,vinhomesonline,https://vinhomesonline.vn/tin/p5-a010-primary-a3,p5-a010-primary-a3,2026-06-14T04:45:56.597384+00:00,"Khu đô thị Thiên Phú Park Văn Giang, Hưng Yên",,"bán 3 môi giới Mã: A010 13.7 tỷ 52,7 triệu/m² Bán Penthouse A010 — Khu đô thị Thiên Phú Park Văn Giang, Hưng Yên Penthouse",,other,sale,13700000000.0,52700000.0,,260.0,4,3,"[""candidate_vinhomesonline"", ""card_candidate"", ""unmapped_project"", ""status_sold""]",property_candidate:vinhomesonline:p5-a010-primary-a3
651,vinhomesonline,https://vinhomesonline.vn/tin/p4-b008-primary-a3,p4-b008-primary-a3,2026-06-14T04:45:56.597384+00:00,"Thành phố Bình Minh Ocean Cam Lâm, Khánh Hòa",,"bán 3 môi giới Mã: B008 13.7 tỷ 114,4 triệu/m² Bán Nhà phố B008 — Thành phố Bình Minh Ocean Cam Lâm, Khánh Hòa Nhà phố",,townhouse,sale,13700000000.0,114400000.0,,120.0,2,4,"[""candidate_vinhomesonline"", ""card_candidate"", ""unmapped_project"", ""status_sold""]",property_candidate:vinhomesonline:p4-b008-primary-a3
652,vinhomesonline,https://vinhomesonline.vn/tin/p3-b026-primary-a3,p3-b026-primary-a3,2026-06-14T04:45:56.597384+00:00,"Vịnh Ngọc Riverside Dương Kinh, Hải Phòng",,"bán 3 môi giới Mã: B026 18.2 tỷ 67,9 triệu/m² Bán Nhà phố B026 — Vịnh Ngọc Riverside Dương Kinh, Hải Phòng Nhà phố",,townhouse,sale,18200000000.0,67900000.0,,268.0,3,2,"[""candidate_vinhomesonline"", ""card_candidate"", ""unmapped_project"", ""status_sold""]",property_candidate:vinhomesonline:p3-b026-primary-a3
653,vinhomesonline,https://vinhomesonline.vn/tin/p2-d024-primary-a3,p2-d024-primary-a3,2026-06-14T04:45:56.597384+00:00,"Đại đô thị An Lạc Garden TP. Thủ Đức, TP. Hồ Chí Minh",,"bán 3 môi giới Mã: D024 6.1 tỷ 80,5 triệu/m² Bán Nhà phố D024 — Đại đô thị An Lạc Garden TP. Thủ Đức, TP. Hồ Chí Minh Nhà phố","P. Thủ Đức, TP. Hồ Chí Minh Nhà phố 4 PN 3 WC 76 m²",townhouse,sale,6100000000.0,80500000.0,,76.0,4,3,"[""candidate_vinhomesonline"", ""card_candidate"", ""unmapped_project"", ""status_sold""]",property_candidate:vinhomesonline:p2-d024-primary-a3
654,vinhomesonline,https://vinhomesonline.vn/tin/p2-b022-primary-a3,p2-b022-primary-a3,2026-06-14T04:45:56.597384+00:00,"Đại đô thị An Lạc Garden TP. Thủ Đức, TP. Hồ Chí Minh",,"bán 3 môi giới Mã: B022 31.2 tỷ 104,2 triệu/m² Bán Biệt thự song lập B022 — Đại đô thị An Lạc Garden TP. Thủ Đức, TP. Hồ Chí Minh Biệt thự song lập","P. Thủ Đức, TP. Hồ Chí Minh Biệt thự song lập 3 PN 3 WC 299 m²",villa,sale,31200000000.0,104200000.0,,299.0,3,3,"[""candidate_vinhomesonline"", ""card_candidate"", ""unmapped_project"", ""status_sold""]",property_candidate:vinhomesonline:p2-b022-primary-a3
655,vinhomesonline,https://vinhomesonline.vn/tin/p1-c014-primary-a3,p1-c014-primary-a3,2026-06-14T04:45:56.597384+00:00,"Khu đô thị Hồng Hạc City Gia Lâm, Hà Nội",,"bán 3 môi giới Mã: C014 37.3 tỷ 116,4 triệu/m² Bán Văn phòng C014 — Khu đô thị Hồng Hạc City Gia Lâm, Hà Nội Văn phòng",,other,sale,37300000000.0,116400000.0,,320.0,3,1,"[""candidate_vinhomesonline"", ""card_candidate"", ""unmapped_project"", ""status_sold""]",property_candidate:vinhomesonline:p1-c014-primary-a3
656,vinhomesonline,https://vinhomesonline.vn/tin/p5-c030-primary-a3,p5-c030-primary-a3,2026-06-14T04:45:56.597384+00:00,"Khu đô thị Thiên Phú Park Văn Giang, Hưng Yên",,"Bán Mặt bằng bán lẻ C030 — Khu đô thị Thiên Phú Park Văn Giang, Hưng Yên Mặt bằng bán lẻ",,other,sale,18800000000.0,114700000.0,,164.0,5,4,"[""candidate_vinhomesonline"", ""card_candidate"", ""unmapped_project""]",property_candidate:vinhomesonline:p5-c030-primary-a3
657,vinhomesonline,https://vinhomesonline.vn/tin/p5-a016-primary-a3,p5-a016-primary-a3,2026-06-14T04:45:56.597384+00:00,"Khu đô thị Thiên Phú Park Văn Giang, Hưng Yên",,"Bán Penthouse A016 — Khu đô thị Thiên Phú Park Văn Giang, Hưng Yên Penthouse",,other,sale,22700000000.0,81200000.0,,279.0,2,3,"[""candidate_vinhomesonline"", ""card_candidate"", ""unmapped_project""]",property_candidate:vinhomesonline:p5-a016-primary-a3
658,vinhomesonline,https://vinhomesonline.vn/tin/p4-b014-primary-a3,p4-b014-primary-a3,2026-06-14T04:45:56.597384+00:00,"Thành phố Bình Minh Ocean Cam Lâm, Khánh Hòa",,"Bán Studio B014 — Thành phố Bình Minh Ocean Cam Lâm, Khánh Hòa",,apartment,sale,28700000000.0,109200000.0,,263.0,0,1,"[""candidate_vinhomesonline"", ""card_candidate"", ""unmapped_project""]",property_candidate:vinhomesonline:p4-b014-primary-a3
659,vinhomesonline,https://vinhomesonline.vn/tin/p3-c006-primary-a3,p3-c006-primary-a3,2026-06-14T04:45:56.597384+00:00,"Vịnh Ngọc Riverside Dương Kinh, Hải Phòng",,"Bán Biệt thự đơn lập C006 — Vịnh Ngọc Riverside Dương Kinh, Hải Phòng Biệt thự đơn lập",,villa,sale,2000000000.0,43200000.0,,47.0,1,4,"[""candidate_vinhomesonline"", ""card_candidate"", ""unmapped_project""]",property_candidate:vinhomesonline:p3-c006-primary-a3
660,vinhomesonline,https://vinhomesonline.vn/tin/p2-d030-primary-a3,p2-d030-primary-a3,2026-06-14T04:45:56.597384+00:00,"Đại đô thị An Lạc Garden TP. Thủ Đức, TP. Hồ Chí Minh",,"Bán Biệt thự shop D030 — Đại đô thị An Lạc Garden TP. Thủ Đức, TP. Hồ Chí Minh Biệt thự shop","P. Thủ Đức, TP. Hồ Chí Minh Biệt thự shop 5 PN 4 WC 253 m²",villa,sale,10300000000.0,40600000.0,,253.0,5,4,"[""candidate_vinhomesonline"", ""card_candidate"", ""unmapped_project""]",property_candidate:vinhomesonline:p2-d030-primary-a3
661,vinhomesonline,https://vinhomesonline.vn/tin/p2-c002-primary-a3,p2-c002-primary-a3,2026-06-14T04:45:56.597384+00:00,"Đại đô thị An Lạc Garden TP. Thủ Đức, TP. Hồ Chí Minh",,"Bán Biệt thự đơn lập C002 — Đại đô thị An Lạc Garden TP. Thủ Đức, TP. Hồ Chí Minh Biệt thự đơn lập","P. Thủ Đức, TP. Hồ Chí Minh Biệt thự đơn lập 1 PN 3 WC 312 m²",villa,sale,34200000000.000004,109600000.0,,312.0,1,3,"[""candidate_vinhomesonline"", ""card_candidate"", ""unmapped_project""]",property_candidate:vinhomesonline:p2-c002-primary-a3
662,vinhomesonline,https://vinhomesonline.vn/tin/p1-c020-primary-a3,p1-c020-primary-a3,2026-06-14T04:45:56.597384+00:00,"Khu đô thị Hồng Hạc City Gia Lâm, Hà Nội",,"Bán Penthouse C020 — Khu đô thị Hồng Hạc City Gia Lâm, Hà Nội Penthouse",,other,sale,15600000000.0,52600000.0,,296.0,3,2,"[""candidate_vinhomesonline"", ""card_candidate"", ""unmapped_project""]",property_candidate:vinhomesonline:p1-c020-primary-a3
663,vinhomesonline,https://vinhomesonline.vn/tin/p1-a006-primary-a3,p1-a006-primary-a3,2026-06-14T04:45:56.597384+00:00,"Khu đô thị Hồng Hạc City Gia Lâm, Hà Nội",,"Bán Penthouse A006 — Khu đô thị Hồng Hạc City Gia Lâm, Hà Nội Penthouse",,other,sale,18500000000.0,70000000.0,,264.0,1,1,"[""candidate_vinhomesonline"", ""card_candidate"", ""unmapped_project""]",property_candidate:vinhomesonline:p1-a006-primary-a3
664,vinhomesonline,https://vinhomesonline.vn/tin/p5-b002-primary-a3,p5-b002-primary-a3,2026-06-14T04:45:56.597384+00:00,"Khu đô thị Thiên Phú Park Văn Giang, Hưng Yên",,"bán 3 môi giới Mã: B002 5 tỷ 85,8 triệu/m² Bán Nhà phố B002 — Khu đô thị Thiên Phú Park Văn Giang, Hưng Yên Nhà phố",,townhouse,sale,5000000000.0,85800000.0,,58.0,5,4,"[""candidate_vinhomesonline"", ""card_candidate"", ""unmapped_project"", ""status_sold""]",property_candidate:vinhomesonline:p5-b002-primary-a3
665,vinhomesonline,https://vinhomesonline.vn/tin/p4-b020-primary-a3,p4-b020-primary-a3,2026-06-14T04:45:56.597384+00:00,"Thành phố Bình Minh Ocean Cam Lâm, Khánh Hòa",,"bán 3 môi giới Mã: B020 9.6 tỷ 95,5 triệu/m² Bán Biệt thự shop B020 — Thành phố Bình Minh Ocean Cam Lâm, Khánh Hòa Biệt thự shop",,villa,sale,9600000000.0,95500000.0,,100.0,1,2,"[""candidate_vinhomesonline"", ""card_candidate"", ""unmapped_project"", ""status_sold""]",property_candidate:vinhomesonline:p4-b020-primary-a3
666,vinhomesonline,https://vinhomesonline.vn/tin/p3-c012-primary-a3,p3-c012-primary-a3,2026-06-14T04:45:56.597384+00:00,"Vịnh Ngọc Riverside Dương Kinh, Hải Phòng",,"bán 3 môi giới Mã: C012 27.6 tỷ 97,5 triệu/m² Bán Studio C012 — Vịnh Ngọc Riverside Dương Kinh, Hải Phòng",,apartment,sale,27600000000.0,97500000.0,,283.0,0,1,"[""candidate_vinhomesonline"", ""card_candidate"", ""unmapped_project"", ""status_sold""]",property_candidate:vinhomesonline:p3-c012-primary-a3
667,vinhomesonline,https://vinhomesonline.vn/tin/p2-d036-primary-a3,p2-d036-primary-a3,2026-06-14T04:45:56.597384+00:00,"Đại đô thị An Lạc Garden TP. Thủ Đức, TP. Hồ Chí Minh",,"bán 3 môi giới Mã: D036 28.4 tỷ 98,1 triệu/m² Bán Penthouse D036 — Đại đô thị An Lạc Garden TP. Thủ Đức, TP. Hồ Chí Minh Penthouse","P. Thủ Đức, TP. Hồ Chí Minh Penthouse 3 PN 4 WC 289 m²",other,sale,28400000000.0,98100000.0,,289.0,3,4,"[""candidate_vinhomesonline"", ""card_candidate"", ""unmapped_project"", ""status_sold""]",property_candidate:vinhomesonline:p2-d036-primary-a3
668,vinhomesonline,https://vinhomesonline.vn/tin/p2-c008-primary-a3,p2-c008-primary-a3,2026-06-14T04:45:56.597384+00:00,"Đại đô thị An Lạc Garden TP. Thủ Đức, TP. Hồ Chí Minh",,"bán 3 môi giới Mã: C008 21.4 tỷ 103,7 triệu/m² Bán Shophouse C008 — Đại đô thị An Lạc Garden TP. Thủ Đức, TP. Hồ Chí Minh Shophouse","P. Thủ Đức, TP. Hồ Chí Minh Shophouse 4 PN 3 WC 206 m²",shophouse,sale,21400000000.0,103700000.0,,206.0,4,3,"[""candidate_vinhomesonline"", ""card_candidate"", ""unmapped_project"", ""status_sold""]",property_candidate:vinhomesonline:p2-c008-primary-a3
669,vinhomesonline,https://vinhomesonline.vn/tin/p1-c026-primary-a3,p1-c026-primary-a3,2026-06-14T04:45:56.597384+00:00,"Khu đô thị Hồng Hạc City Gia Lâm, Hà Nội",,"bán 3 môi giới Mã: C026 8.1 tỷ 55,1 triệu/m² Bán Biệt thự song lập C026 — Khu đô thị Hồng Hạc City Gia Lâm, Hà Nội Biệt thự song lập",,villa,sale,8100000000.0,55100000.0,,146.0,2,3,"[""candidate_vinhomesonline"", ""card_candidate"", ""unmapped_project"", ""status_sold""]",property_candidate:vinhomesonline:p1-c026-primary-a3
670,vinhomesonline,https://vinhomesonline.vn/tin/p1-a012-primary-a3,p1-a012-primary-a3,2026-06-14T04:45:56.597384+00:00,"Khu đô thị Hồng Hạc City Gia Lâm, Hà Nội",,"Bán Biệt thự tứ lập A012 — Khu đô thị Hồng Hạc City Gia Lâm, Hà Nội Biệt thự tứ lập",,villa,sale,23700000000.0,94300000.0,,251.0,4,3,"[""candidate_vinhomesonline"", ""card_candidate"", ""unmapped_project""]",property_candidate:vinhomesonline:p1-a012-primary-a3
671,vinhomesonline,https://vinhomesonline.vn/tin/p5-b008-primary-a3,p5-b008-primary-a3,2026-06-14T04:45:56.597384+00:00,"Khu đô thị Thiên Phú Park Văn Giang, Hưng Yên",,"Bán Mặt bằng bán lẻ B008 — Khu đô thị Thiên Phú Park Văn Giang, Hưng Yên Mặt bằng bán lẻ",,other,sale,9700000000.0,43400000.0,,223.0,2,4,"[""candidate_vinhomesonline"", ""card_candidate"", ""unmapped_project""]",property_candidate:vinhomesonline:p5-b008-primary-a3
672,vinhomesonline,https://vinhomesonline.vn/tin/p4-b026-primary-a3,p4-b026-primary-a3,2026-06-14T04:45:56.597384+00:00,"Thành phố Bình Minh Ocean Cam Lâm, Khánh Hòa",,"Bán Mặt bằng bán lẻ B026 — Thành phố Bình Minh Ocean Cam Lâm, Khánh Hòa Mặt bằng bán lẻ",,other,sale,24000000000.0,83000000.0,,289.0,4,4,"[""candidate_vinhomesonline"", ""card_candidate"", ""unmapped_project""]",property_candidate:vinhomesonline:p4-b026-primary-a3
625,vinhomesonline,https://vinhomesonline.vn/tin/tin-a005-5,tin-a005-5,2026-06-14T04:45:56.521958+00:00,"2PN Gia Lâm, Hà Nội",,Bán căn A005 —,,townhouse,sale,6700000000.0,54400000.0,,123.0,2,2,"[""candidate_vinhomesonline"", ""card_candidate"", ""unmapped_project""]",property_candidate:vinhomesonline:tin-a005-5
626,vinhomesonline,https://vinhomesonline.vn/tin/p5-b002-secondary-a4,p5-b002-secondary-a4,2026-06-14T04:45:56.521958+00:00,"Khu đô thị Thiên Phú Park Văn Giang, Hưng Yên",,"bán Mã: B002 5 tỷ 85,8 triệu/m² Bán Nhà phố B002 — Khu đô thị Thiên Phú Park Văn Giang, Hưng Yên Nhà phố",,townhouse,sale,5000000000.0,85800000.0,,58.0,5,4,"[""candidate_vinhomesonline"", ""card_candidate"", ""unmapped_project"", ""status_sold""]",property_candidate:vinhomesonline:p5-b002-secondary-a4
627,vinhomesonline,https://vinhomesonline.vn/tin/p4-b020-secondary-a4,p4-b020-secondary-a4,2026-06-14T04:45:56.521958+00:00,"Thành phố Bình Minh Ocean Cam Lâm, Khánh Hòa",,"bán Mã: B020 9.6 tỷ 95,5 triệu/m² Bán Biệt thự shop B020 — Thành phố Bình Minh Ocean Cam Lâm, Khánh Hòa Biệt thự shop",,villa,sale,9600000000.0,95500000.0,,100.0,1,2,"[""candidate_vinhomesonline"", ""card_candidate"", ""unmapped_project"", ""status_sold""]",property_candidate:vinhomesonline:p4-b020-secondary-a4
628,vinhomesonline,https://vinhomesonline.vn/tin/p3-c012-secondary-a4,p3-c012-secondary-a4,2026-06-14T04:45:56.521958+00:00,"Vịnh Ngọc Riverside Dương Kinh, Hải Phòng",,"bán Mã: C012 27.6 tỷ 97,5 triệu/m² Bán Studio C012 — Vịnh Ngọc Riverside Dương Kinh, Hải Phòng",,apartment,sale,27600000000.0,97500000.0,,283.0,0,1,"[""candidate_vinhomesonline"", ""card_candidate"", ""unmapped_project"", ""status_sold""]",property_candidate:vinhomesonline:p3-c012-secondary-a4
629,vinhomesonline,https://vinhomesonline.vn/tin/p2-d036-secondary-a4,p2-d036-secondary-a4,2026-06-14T04:45:56.521958+00:00,"Đại đô thị An Lạc Garden TP. Thủ Đức, TP. Hồ Chí Minh",,"bán Mã: D036 28.4 tỷ 98,1 triệu/m² Bán Penthouse D036 — Đại đô thị An Lạc Garden TP. Thủ Đức, TP. Hồ Chí Minh Penthouse","P. Thủ Đức, TP. Hồ Chí Minh Penthouse 3 PN 4 WC 289 m²",other,sale,28400000000.0,98100000.0,,289.0,3,4,"[""candidate_vinhomesonline"", ""card_candidate"", ""unmapped_project"", ""status_sold""]",property_candidate:vinhomesonline:p2-d036-secondary-a4
630,vinhomesonline,https://vinhomesonline.vn/tin/p2-c008-secondary-a4,p2-c008-secondary-a4,2026-06-14T04:45:56.521958+00:00,"Đại đô thị An Lạc Garden TP. Thủ Đức, TP. Hồ Chí Minh",,"bán Mã: C008 21.4 tỷ 103,7 triệu/m² Bán Shophouse C008 — Đại đô thị An Lạc Garden TP. Thủ Đức, TP. Hồ Chí Minh Shophouse","P. Thủ Đức, TP. Hồ Chí Minh Shophouse 4 PN 3 WC 206 m²",shophouse,sale,21400000000.0,103700000.0,,206.0,4,3,"[""candidate_vinhomesonline"", ""card_candidate"", ""unmapped_project"", ""status_sold""]",property_candidate:vinhomesonline:p2-c008-secondary-a4
631,vinhomesonline,https://vinhomesonline.vn/tin/p1-c026-secondary-a4,p1-c026-secondary-a4,2026-06-14T04:45:56.521958+00:00,"Khu đô thị Hồng Hạc City Gia Lâm, Hà Nội",,"bán Mã: C026 8.1 tỷ 55,1 triệu/m² Bán Biệt thự song lập C026 — Khu đô thị Hồng Hạc City Gia Lâm, Hà Nội Biệt thự song lập",,villa,sale,8100000000.0,55100000.0,,146.0,2,3,"[""candidate_vinhomesonline"", ""card_candidate"", ""unmapped_project"", ""status_sold""]",property_candidate:vinhomesonline:p1-c026-secondary-a4
632,vinhomesonline,https://vinhomesonline.vn/tin/p1-a012-secondary-a4,p1-a012-secondary-a4,2026-06-14T04:45:56.521958+00:00,"Khu đô thị Hồng Hạc City Gia Lâm, Hà Nội",,"Bán Biệt thự tứ lập A012 — Khu đô thị Hồng Hạc City Gia Lâm, Hà Nội Biệt thự tứ lập",,villa,sale,23700000000.0,94300000.0,,251.0,4,3,"[""candidate_vinhomesonline"", ""card_candidate"", ""unmapped_project""]",property_candidate:vinhomesonline:p1-a012-secondary-a4
633,vinhomesonline,https://vinhomesonline.vn/tin/p5-b004-secondary-a4,p5-b004-secondary-a4,2026-06-14T04:45:56.521958+00:00,"Khu đô thị Thiên Phú Park Văn Giang, Hưng Yên",,"Bán Văn phòng B004 — Khu đô thị Thiên Phú Park Văn Giang, Hưng Yên Văn phòng",,other,sale,7300000000.0,56800000.0,,128.0,1,2,"[""candidate_vinhomesonline"", ""card_candidate"", ""unmapped_project""]",property_candidate:vinhomesonline:p5-b004-secondary-a4
634,vinhomesonline,https://vinhomesonline.vn/tin/p4-b022-secondary-a4,p4-b022-secondary-a4,2026-06-14T04:45:56.521958+00:00,"Thành phố Bình Minh Ocean Cam Lâm, Khánh Hòa",,"Bán Shophouse B022 — Thành phố Bình Minh Ocean Cam Lâm, Khánh Hòa Shophouse",,shophouse,sale,15200000000.0,69000000.0,,220.0,4,3,"[""candidate_vinhomesonline"", ""card_candidate"", ""unmapped_project""]",property_candidate:vinhomesonline:p4-b022-secondary-a4
635,vinhomesonline,https://vinhomesonline.vn/tin/p3-c014-secondary-a4,p3-c014-secondary-a4,2026-06-14T04:45:56.521958+00:00,"Vịnh Ngọc Riverside Dương Kinh, Hải Phòng",,"Bán Biệt thự song lập C014 — Vịnh Ngọc Riverside Dương Kinh, Hải Phòng Biệt thự song lập",,villa,sale,8700000000.0,105700000.0,,82.0,3,4,"[""candidate_vinhomesonline"", ""card_candidate"", ""unmapped_project""]",property_candidate:vinhomesonline:p3-c014-secondary-a4
636,vinhomesonline,https://vinhomesonline.vn/tin/p2-d038-secondary-a4,p2-d038-secondary-a4,2026-06-14T04:45:56.521958+00:00,"Đại đô thị An Lạc Garden TP. Thủ Đức, TP. Hồ Chí Minh",,"Bán Penthouse D038 — Đại đô thị An Lạc Garden TP. Thủ Đức, TP. Hồ Chí Minh Penthouse","P. Thủ Đức, TP. Hồ Chí Minh Penthouse 4 PN 2 WC 215 m²",other,sale,24300000000.0,113200000.0,,215.0,4,2,"[""candidate_vinhomesonline"", ""card_candidate"", ""unmapped_project""]",property_candidate:vinhomesonline:p2-d038-secondary-a4
637,vinhomesonline,https://vinhomesonline.vn/tin/p2-c010-secondary-a4,p2-c010-secondary-a4,2026-06-14T04:45:56.521958+00:00,"Đại đô thị An Lạc Garden TP. Thủ Đức, TP. Hồ Chí Minh",,"Bán Biệt thự đơn lập C010 — Đại đô thị An Lạc Garden TP. Thủ Đức, TP. Hồ Chí Minh Biệt thự đơn lập","P. Thủ Đức, TP. Hồ Chí Minh Biệt thự đơn lập 5 PN 2 WC 229 m²",villa,sale,25500000000.0,111200000.0,,229.0,5,2,"[""candidate_vinhomesonline"", ""card_candidate"", ""unmapped_project""]",property_candidate:vinhomesonline:p2-c010-secondary-a4
638,vinhomesonline,https://vinhomesonline.vn/tin/p1-c028-secondary-a4,p1-c028-secondary-a4,2026-06-14T04:45:56.521958+00:00,"Khu đô thị Hồng Hạc City Gia Lâm, Hà Nội",,"Bán Penthouse C028 — Khu đô thị Hồng Hạc City Gia Lâm, Hà Nội Penthouse",,other,sale,13800000000.0,44500000.0,,310.0,3,2,"[""candidate_vinhomesonline"", ""card_candidate"", ""unmapped_project""]",property_candidate:vinhomesonline:p1-c028-secondary-a4
639,vinhomesonline,https://vinhomesonline.vn/tin/p1-a014-secondary-a4,p1-a014-secondary-a4,2026-06-14T04:45:56.521958+00:00,"Khu đô thị Hồng Hạc City Gia Lâm, Hà Nội",,"Bán Biệt thự song lập A014 — Khu đô thị Hồng Hạc City Gia Lâm, Hà Nội Biệt thự song lập",,villa,sale,27400000000.0,93400000.0,,293.0,3,1,"[""candidate_vinhomesonline"", ""card_candidate"", ""unmapped_project""]",property_candidate:vinhomesonline:p1-a014-secondary-a4
640,vinhomesonline,https://vinhomesonline.vn/tin/p5-b006-secondary-a4,p5-b006-secondary-a4,2026-06-14T04:45:56.521958+00:00,"Khu đô thị Thiên Phú Park Văn Giang, Hưng Yên",,"Bán Căn hộ B006 — Khu đô thị Thiên Phú Park Văn Giang, Hưng Yên",,apartment,sale,6700000000.0,97300000.0,,69.0,5,1,"[""candidate_vinhomesonline"", ""card_candidate"", ""unmapped_project""]",property_candidate:vinhomesonline:p5-b006-secondary-a4
641,vinhomesonline,https://vinhomesonline.vn/tin/p4-b024-secondary-a4,p4-b024-secondary-a4,2026-06-14T04:45:56.521958+00:00,"Thành phố Bình Minh Ocean Cam Lâm, Khánh Hòa",,"Bán Mặt bằng bán lẻ B024 — Thành phố Bình Minh Ocean Cam Lâm, Khánh Hòa Mặt bằng bán lẻ",,other,sale,13100000000.0,66099999.99999999,,198.0,5,4,"[""candidate_vinhomesonline"", ""card_candidate"", ""unmapped_project""]",property_candidate:vinhomesonline:p4-b024-secondary-a4
642,vinhomesonline,https://vinhomesonline.vn/tin/p3-c016-secondary-a4,p3-c016-secondary-a4,2026-06-14T04:45:56.521958+00:00,"Vịnh Ngọc Riverside Dương Kinh, Hải Phòng",,"Bán Biệt thự đơn lập C016 — Vịnh Ngọc Riverside Dương Kinh, Hải Phòng Biệt thự đơn lập",,villa,sale,16899999999.999998,91400000.0,,185.0,2,4,"[""candidate_vinhomesonline"", ""card_candidate"", ""unmapped_project""]",property_candidate:vinhomesonline:p3-c016-secondary-a4
643,vinhomesonline,https://vinhomesonline.vn/tin/p3-a002-secondary-a4,p3-a002-secondary-a4,2026-06-14T04:45:56.521958+00:00,"Vịnh Ngọc Riverside Dương Kinh, Hải Phòng",,"Bán Penthouse A002 — Vịnh Ngọc Riverside Dương Kinh, Hải Phòng Penthouse",,other,sale,7800000000.0,59600000.0,,131.0,3,3,"[""candidate_vinhomesonline"", ""card_candidate"", ""unmapped_project""]",property_candidate:vinhomesonline:p3-a002-secondary-a4
644,vinhomesonline,https://vinhomesonline.vn/tin/p2-c012-secondary-a4,p2-c012-secondary-a4,2026-06-14T04:45:56.521958+00:00,"Đại đô thị An Lạc Garden TP. Thủ Đức, TP. Hồ Chí Minh",,"Bán Shophouse C012 — Đại đô thị An Lạc Garden TP. Thủ Đức, TP. Hồ Chí Minh Shophouse","P. Thủ Đức, TP. Hồ Chí Minh Shophouse 5 PN 1 WC 130 m²",shophouse,sale,8500000000.0,65599999.99999999,,130.0,5,1,"[""candidate_vinhomesonline"", ""card_candidate"", ""unmapped_project""]",property_candidate:vinhomesonline:p2-c012-secondary-a4
645,vinhomesonline,https://vinhomesonline.vn/tin/p1-c030-secondary-a4,p1-c030-secondary-a4,2026-06-14T04:45:56.521958+00:00,"Khu đô thị Hồng Hạc City Gia Lâm, Hà Nội",,"Bán Biệt thự shop C030 — Khu đô thị Hồng Hạc City Gia Lâm, Hà Nội Biệt thự shop",,villa,sale,18800000000.0,114000000.0,,165.0,5,1,"[""candidate_vinhomesonline"", ""card_candidate"", ""unmapped_project""]",property_candidate:vinhomesonline:p1-c030-secondary-a4
646,vinhomesonline,https://vinhomesonline.vn/tin/p1-a016-secondary-a4,p1-a016-secondary-a4,2026-06-14T04:45:56.521958+00:00,"Khu đô thị Hồng Hạc City Gia Lâm, Hà Nội",,"Bán Biệt thự đơn lập A016 — Khu đô thị Hồng Hạc City Gia Lâm, Hà Nội Biệt thự đơn lập",,villa,sale,26700000000.0,109700000.0,,243.0,1,4,"[""candidate_vinhomesonline"", ""card_candidate"", ""unmapped_project""]",property_candidate:vinhomesonline:p1-a016-secondary-a4
647,vinhomesonline,https://vinhomesonline.vn/tin/p5-b008-secondary-a4,p5-b008-secondary-a4,2026-06-14T04:45:56.521958+00:00,"Khu đô thị Thiên Phú Park Văn Giang, Hưng Yên",,"Bán Mặt bằng bán lẻ B008 — Khu đô thị Thiên Phú Park Văn Giang, Hưng Yên Mặt bằng bán lẻ",,other,sale,9700000000.0,43400000.0,,223.0,2,4,"[""candidate_vinhomesonline"", ""card_candidate"", ""unmapped_project""]",property_candidate:vinhomesonline:p5-b008-secondary-a4
648,vinhomesonline,https://vinhomesonline.vn/tin/p4-b026-secondary-a4,p4-b026-secondary-a4,2026-06-14T04:45:56.521958+00:00,"Thành phố Bình Minh Ocean Cam Lâm, Khánh Hòa",,"Bán Mặt bằng bán lẻ B026 — Thành phố Bình Minh Ocean Cam Lâm, Khánh Hòa Mặt bằng bán lẻ",,other,sale,24000000000.0,83000000.0,,289.0,4,4,"[""candidate_vinhomesonline"", ""card_candidate"", ""unmapped_project""]",property_candidate:vinhomesonline:p4-b026-secondary-a4
601,vinhomesonline,https://vinhomesonline.vn/tin/tin-a001-1,tin-a001-1,2026-06-14T04:45:56.447705+00:00,"3PN Gia Lâm, Hà Nội",,"bán Mã: A001 6.1 tỷ 101,3 triệu/m² Bán căn A001 —",,villa,sale,6100000000.0,101300000.0,,60.0,3,1,"[""candidate_vinhomesonline"", ""card_candidate"", ""unmapped_project"", ""status_sold""]",property_candidate:vinhomesonline:tin-a001-1
602,vinhomesonline,https://vinhomesonline.vn/tin/tin-a003-3,tin-a003-3,2026-06-14T04:45:56.447705+00:00,"2PN Gia Lâm, Hà Nội",,Bán căn A003 —,,apartment,sale,9400000000.0,101200000.0,,93.0,0,1,"[""candidate_vinhomesonline"", ""card_candidate"", ""unmapped_project""]",property_candidate:vinhomesonline:tin-a003-3
603,vinhomesonline,https://vinhomesonline.vn/tin/p5-c030-secondary-a4,p5-c030-secondary-a4,2026-06-14T04:45:56.447705+00:00,"Khu đô thị Thiên Phú Park Văn Giang, Hưng Yên",,"Bán Mặt bằng bán lẻ C030 — Khu đô thị Thiên Phú Park Văn Giang, Hưng Yên Mặt bằng bán lẻ",,other,sale,18800000000.0,114700000.0,,164.0,5,4,"[""candidate_vinhomesonline"", ""card_candidate"", ""unmapped_project""]",property_candidate:vinhomesonline:p5-c030-secondary-a4
604,vinhomesonline,https://vinhomesonline.vn/tin/p5-a016-secondary-a4,p5-a016-secondary-a4,2026-06-14T04:45:56.447705+00:00,"Khu đô thị Thiên Phú Park Văn Giang, Hưng Yên",,"Bán Penthouse A016 — Khu đô thị Thiên Phú Park Văn Giang, Hưng Yên Penthouse",,other,sale,22700000000.0,81200000.0,,279.0,2,3,"[""candidate_vinhomesonline"", ""card_candidate"", ""unmapped_project""]",property_candidate:vinhomesonline:p5-a016-secondary-a4
605,vinhomesonline,https://vinhomesonline.vn/tin/p4-b014-secondary-a4,p4-b014-secondary-a4,2026-06-14T04:45:56.447705+00:00,"Thành phố Bình Minh Ocean Cam Lâm, Khánh Hòa",,"Bán Studio B014 — Thành phố Bình Minh Ocean Cam Lâm, Khánh Hòa",,apartment,sale,28700000000.0,109200000.0,,263.0,0,1,"[""candidate_vinhomesonline"", ""card_candidate"", ""unmapped_project""]",property_candidate:vinhomesonline:p4-b014-secondary-a4
606,vinhomesonline,https://vinhomesonline.vn/tin/p3-c006-secondary-a4,p3-c006-secondary-a4,2026-06-14T04:45:56.447705+00:00,"Vịnh Ngọc Riverside Dương Kinh, Hải Phòng",,"Bán Biệt thự đơn lập C006 — Vịnh Ngọc Riverside Dương Kinh, Hải Phòng Biệt thự đơn lập",,villa,sale,2000000000.0,43200000.0,,47.0,1,4,"[""candidate_vinhomesonline"", ""card_candidate"", ""unmapped_project""]",property_candidate:vinhomesonline:p3-c006-secondary-a4
607,vinhomesonline,https://vinhomesonline.vn/tin/p2-d030-secondary-a4,p2-d030-secondary-a4,2026-06-14T04:45:56.447705+00:00,"Đại đô thị An Lạc Garden TP. Thủ Đức, TP. Hồ Chí Minh",,"Bán Biệt thự shop D030 — Đại đô thị An Lạc Garden TP. Thủ Đức, TP. Hồ Chí Minh Biệt thự shop","P. Thủ Đức, TP. Hồ Chí Minh Biệt thự shop 5 PN 4 WC 253 m²",villa,sale,10300000000.0,40600000.0,,253.0,5,4,"[""candidate_vinhomesonline"", ""card_candidate"", ""unmapped_project""]",property_candidate:vinhomesonline:p2-d030-secondary-a4
608,vinhomesonline,https://vinhomesonline.vn/tin/p2-c002-secondary-a4,p2-c002-secondary-a4,2026-06-14T04:45:56.447705+00:00,"Đại đô thị An Lạc Garden TP. Thủ Đức, TP. Hồ Chí Minh",,"Bán Biệt thự đơn lập C002 — Đại đô thị An Lạc Garden TP. Thủ Đức, TP. Hồ Chí Minh Biệt thự đơn lập","P. Thủ Đức, TP. Hồ Chí Minh Biệt thự đơn lập 1 PN 3 WC 312 m²",villa,sale,34200000000.000004,109600000.0,,312.0,1,3,"[""candidate_vinhomesonline"", ""card_candidate"", ""unmapped_project""]",property_candidate:vinhomesonline:p2-c002-secondary-a4
609,vinhomesonline,https://vinhomesonline.vn/tin/p1-c020-secondary-a4,p1-c020-secondary-a4,2026-06-14T04:45:56.447705+00:00,"Khu đô thị Hồng Hạc City Gia Lâm, Hà Nội",,"Bán Penthouse C020 — Khu đô thị Hồng Hạc City Gia Lâm, Hà Nội Penthouse",,other,sale,15600000000.0,52600000.0,,296.0,3,2,"[""candidate_vinhomesonline"", ""card_candidate"", ""unmapped_project""]",property_candidate:vinhomesonline:p1-c020-secondary-a4
610,vinhomesonline,https://vinhomesonline.vn/tin/p5-c032-secondary-a4,p5-c032-secondary-a4,2026-06-14T04:45:56.447705+00:00,"Khu đô thị Thiên Phú Park Văn Giang, Hưng Yên",,"Bán Shophouse C032 — Khu đô thị Thiên Phú Park Văn Giang, Hưng Yên Shophouse",,shophouse,sale,30400000000.0,114200000.0,,266.0,3,3,"[""candidate_vinhomesonline"", ""card_candidate"", ""unmapped_project""]",property_candidate:vinhomesonline:p5-c032-secondary-a4
611,vinhomesonline,https://vinhomesonline.vn/tin/p5-a018-secondary-a4,p5-a018-secondary-a4,2026-06-14T04:45:56.447705+00:00,"Khu đô thị Thiên Phú Park Văn Giang, Hưng Yên",,"Bán Biệt thự shop A018 — Khu đô thị Thiên Phú Park Văn Giang, Hưng Yên Biệt thự shop",,villa,sale,18100000000.0,81200000.0,,223.0,3,4,"[""candidate_vinhomesonline"", ""card_candidate"", ""unmapped_project""]",property_candidate:vinhomesonline:p5-a018-secondary-a4
612,vinhomesonline,https://vinhomesonline.vn/tin/p4-b016-secondary-a4,p4-b016-secondary-a4,2026-06-14T04:45:56.447705+00:00,"Thành phố Bình Minh Ocean Cam Lâm, Khánh Hòa",,"Bán Penthouse B016 — Thành phố Bình Minh Ocean Cam Lâm, Khánh Hòa Penthouse",,other,sale,10000000000.0,78500000.0,,128.0,5,3,"[""candidate_vinhomesonline"", ""card_candidate"", ""unmapped_project""]",property_candidate:vinhomesonline:p4-b016-secondary-a4
613,vinhomesonline,https://vinhomesonline.vn/tin/p3-c008-secondary-a4,p3-c008-secondary-a4,2026-06-14T04:45:56.447705+00:00,"Vịnh Ngọc Riverside Dương Kinh, Hải Phòng",,"Bán Studio C008 — Vịnh Ngọc Riverside Dương Kinh, Hải Phòng",,apartment,sale,25700000000.0,119000000.0,,216.0,0,3,"[""candidate_vinhomesonline"", ""card_candidate"", ""unmapped_project""]",property_candidate:vinhomesonline:p3-c008-secondary-a4
614,vinhomesonline,https://vinhomesonline.vn/tin/p2-d032-secondary-a4,p2-d032-secondary-a4,2026-06-14T04:45:56.447705+00:00,"Đại đô thị An Lạc Garden TP. Thủ Đức, TP. Hồ Chí Minh",,"Bán Biệt thự đơn lập D032 — Đại đô thị An Lạc Garden TP. Thủ Đức, TP. Hồ Chí Minh Biệt thự đơn lập","P. Thủ Đức, TP. Hồ Chí Minh Biệt thự đơn lập 1 PN 2 WC 276 m²",villa,sale,16200000000.0,58800000.0,,276.0,1,2,"[""candidate_vinhomesonline"", ""card_candidate"", ""unmapped_project""]",property_candidate:vinhomesonline:p2-d032-secondary-a4
615,vinhomesonline,https://vinhomesonline.vn/tin/p2-c004-secondary-a4,p2-c004-secondary-a4,2026-06-14T04:45:56.447705+00:00,"Đại đô thị An Lạc Garden TP. Thủ Đức, TP. Hồ Chí Minh",,"Bán Studio C004 — Đại đô thị An Lạc Garden TP. Thủ Đức, TP. Hồ Chí Minh","P. Thủ Đức, TP. Hồ Chí Minh Studio 2 PN 4 WC 98 m²",apartment,sale,10600000000.0,108100000.0,,98.0,0,4,"[""candidate_vinhomesonline"", ""card_candidate"", ""unmapped_project""]",property_candidate:vinhomesonline:p2-c004-secondary-a4
616,vinhomesonline,https://vinhomesonline.vn/tin/p1-c022-secondary-a4,p1-c022-secondary-a4,2026-06-14T04:45:56.447705+00:00,"Khu đô thị Hồng Hạc City Gia Lâm, Hà Nội",,"Bán Biệt thự shop C022 — Khu đô thị Hồng Hạc City Gia Lâm, Hà Nội Biệt thự shop",,villa,sale,17800000000.0,71100000.0,,250.0,4,4,"[""candidate_vinhomesonline"", ""card_candidate"", ""unmapped_project""]",property_candidate:vinhomesonline:p1-c022-secondary-a4
617,vinhomesonline,https://vinhomesonline.vn/tin/p1-a008-secondary-a4,p1-a008-secondary-a4,2026-06-14T04:45:56.447705+00:00,"Khu đô thị Hồng Hạc City Gia Lâm, Hà Nội",,"Bán Nhà phố A008 — Khu đô thị Hồng Hạc City Gia Lâm, Hà Nội Nhà phố",,townhouse,sale,5600000000.0,46800000.0,,119.0,1,2,"[""candidate_vinhomesonline"", ""card_candidate"", ""unmapped_project""]",property_candidate:vinhomesonline:p1-a008-secondary-a4
618,vinhomesonline,https://vinhomesonline.vn/tin/p5-a020-secondary-a4,p5-a020-secondary-a4,2026-06-14T04:45:56.447705+00:00,"Khu đô thị Thiên Phú Park Văn Giang, Hưng Yên",,"bán Mã: A020 28.9 tỷ 100,4 triệu/m² Bán Biệt thự shop A020 — Khu đô thị Thiên Phú Park Văn Giang, Hưng Yên Biệt thự shop",,villa,sale,28900000000.0,100400000.0,,288.0,5,4,"[""candidate_vinhomesonline"", ""card_candidate"", ""unmapped_project"", ""status_sold""]",property_candidate:vinhomesonline:p5-a020-secondary-a4
619,vinhomesonline,https://vinhomesonline.vn/tin/p4-b018-secondary-a4,p4-b018-secondary-a4,2026-06-14T04:45:56.447705+00:00,"Thành phố Bình Minh Ocean Cam Lâm, Khánh Hòa",,"bán Mã: B018 13.1 tỷ 71,3 triệu/m² Bán Studio B018 — Thành phố Bình Minh Ocean Cam Lâm, Khánh Hòa",,apartment,sale,13100000000.0,71300000.0,,184.0,0,3,"[""candidate_vinhomesonline"", ""card_candidate"", ""unmapped_project"", ""status_sold""]",property_candidate:vinhomesonline:p4-b018-secondary-a4
620,vinhomesonline,https://vinhomesonline.vn/tin/p3-c010-secondary-a4,p3-c010-secondary-a4,2026-06-14T04:45:56.447705+00:00,"Vịnh Ngọc Riverside Dương Kinh, Hải Phòng",,"bán Mã: C010 6.7 tỷ 40,4 triệu/m² Bán Nhà phố C010 — Vịnh Ngọc Riverside Dương Kinh, Hải Phòng Nhà phố",,townhouse,sale,6700000000.0,40400000.0,,166.0,4,4,"[""candidate_vinhomesonline"", ""card_candidate"", ""unmapped_project"", ""status_sold""]",property_candidate:vinhomesonline:p3-c010-secondary-a4
621,vinhomesonline,https://vinhomesonline.vn/tin/p2-d034-secondary-a4,p2-d034-secondary-a4,2026-06-14T04:45:56.447705+00:00,"Đại đô thị An Lạc Garden TP. Thủ Đức, TP. Hồ Chí Minh",,"bán Mã: D034 24 tỷ 92,7 triệu/m² Bán Biệt thự tứ lập D034 — Đại đô thị An Lạc Garden TP. Thủ Đức, TP. Hồ Chí Minh Biệt thự tứ lập","P. Thủ Đức, TP. Hồ Chí Minh Biệt thự tứ lập 2 PN 4 WC 259 m²",villa,sale,24000000000.0,92700000.0,,259.0,2,4,"[""candidate_vinhomesonline"", ""card_candidate"", ""unmapped_project"", ""status_sold""]",property_candidate:vinhomesonline:p2-d034-secondary-a4
622,vinhomesonline,https://vinhomesonline.vn/tin/p2-c006-secondary-a4,p2-c006-secondary-a4,2026-06-14T04:45:56.447705+00:00,"Đại đô thị An Lạc Garden TP. Thủ Đức, TP. Hồ Chí Minh",,"bán Mã: C006 3.5 tỷ 47,6 triệu/m² Bán Shophouse C006 — Đại đô thị An Lạc Garden TP. Thủ Đức, TP. Hồ Chí Minh Shophouse","P. Thủ Đức, TP. Hồ Chí Minh Shophouse 2 PN 2 WC 74 m²",shophouse,sale,3500000000.0,47600000.0,,74.0,2,2,"[""candidate_vinhomesonline"", ""card_candidate"", ""unmapped_project"", ""status_sold""]",property_candidate:vinhomesonline:p2-c006-secondary-a4
623,vinhomesonline,https://vinhomesonline.vn/tin/p1-c024-secondary-a4,p1-c024-secondary-a4,2026-06-14T04:45:56.447705+00:00,"Khu đô thị Hồng Hạc City Gia Lâm, Hà Nội",,"bán Mã: C024 27.4 tỷ 93,4 triệu/m² Bán Penthouse C024 — Khu đô thị Hồng Hạc City Gia Lâm, Hà Nội Penthouse",,other,sale,27400000000.0,93400000.0,,293.0,5,4,"[""candidate_vinhomesonline"", ""card_candidate"", ""unmapped_project"", ""status_sold""]",property_candidate:vinhomesonline:p1-c024-secondary-a4
624,vinhomesonline,https://vinhomesonline.vn/tin/p1-a010-secondary-a4,p1-a010-secondary-a4,2026-06-14T04:45:56.447705+00:00,"Khu đô thị Hồng Hạc City Gia Lâm, Hà Nội",,"Bán Biệt thự tứ lập A010 — Khu đô thị Hồng Hạc City Gia Lâm, Hà Nội Biệt thự tứ lập",,villa,sale,28300000000.0,88500000.0,,320.0,1,1,"[""candidate_vinhomesonline"", ""card_candidate"", ""unmapped_project""]",property_candidate:vinhomesonline:p1-a010-secondary-a4
581,vinhomesonline,https://vinhomesonline.vn/tin/p5-a010-secondary-a4,p5-a010-secondary-a4,2026-06-14T04:45:56.373519+00:00,"Khu đô thị Thiên Phú Park Văn Giang, Hưng Yên",,"bán Mã: A010 13.7 tỷ 52,7 triệu/m² Bán Penthouse A010 — Khu đô thị Thiên Phú Park Văn Giang, Hưng Yên Penthouse",,other,sale,13700000000.0,52700000.0,,260.0,4,3,"[""candidate_vinhomesonline"", ""card_candidate"", ""unmapped_project"", ""status_sold""]",property_candidate:vinhomesonline:p5-a010-secondary-a4
582,vinhomesonline,https://vinhomesonline.vn/tin/p4-b008-secondary-a4,p4-b008-secondary-a4,2026-06-14T04:45:56.373519+00:00,"Thành phố Bình Minh Ocean Cam Lâm, Khánh Hòa",,"bán Mã: B008 13.7 tỷ 114,4 triệu/m² Bán Nhà phố B008 — Thành phố Bình Minh Ocean Cam Lâm, Khánh Hòa Nhà phố",,townhouse,sale,13700000000.0,114400000.0,,120.0,2,4,"[""candidate_vinhomesonline"", ""card_candidate"", ""unmapped_project"", ""status_sold""]",property_candidate:vinhomesonline:p4-b008-secondary-a4
583,vinhomesonline,https://vinhomesonline.vn/tin/p3-b026-secondary-a4,p3-b026-secondary-a4,2026-06-14T04:45:56.373519+00:00,"Vịnh Ngọc Riverside Dương Kinh, Hải Phòng",,"bán Mã: B026 18.2 tỷ 67,9 triệu/m² Bán Nhà phố B026 — Vịnh Ngọc Riverside Dương Kinh, Hải Phòng Nhà phố",,townhouse,sale,18200000000.0,67900000.0,,268.0,3,2,"[""candidate_vinhomesonline"", ""card_candidate"", ""unmapped_project"", ""status_sold""]",property_candidate:vinhomesonline:p3-b026-secondary-a4
584,vinhomesonline,https://vinhomesonline.vn/tin/p2-d024-secondary-a4,p2-d024-secondary-a4,2026-06-14T04:45:56.373519+00:00,"Đại đô thị An Lạc Garden TP. Thủ Đức, TP. Hồ Chí Minh",,"bán Mã: D024 6.1 tỷ 80,5 triệu/m² Bán Nhà phố D024 — Đại đô thị An Lạc Garden TP. Thủ Đức, TP. Hồ Chí Minh Nhà phố","P. Thủ Đức, TP. Hồ Chí Minh Nhà phố 4 PN 3 WC 76 m²",townhouse,sale,6100000000.0,80500000.0,,76.0,4,3,"[""candidate_vinhomesonline"", ""card_candidate"", ""unmapped_project"", ""status_sold""]",property_candidate:vinhomesonline:p2-d024-secondary-a4
585,vinhomesonline,https://vinhomesonline.vn/tin/p2-b022-secondary-a4,p2-b022-secondary-a4,2026-06-14T04:45:56.373519+00:00,"Đại đô thị An Lạc Garden TP. Thủ Đức, TP. Hồ Chí Minh",,"bán Mã: B022 31.2 tỷ 104,2 triệu/m² Bán Biệt thự song lập B022 — Đại đô thị An Lạc Garden TP. Thủ Đức, TP. Hồ Chí Minh Biệt thự song lập","P. Thủ Đức, TP. Hồ Chí Minh Biệt thự song lập 3 PN 3 WC 299 m²",villa,sale,31200000000.0,104200000.0,,299.0,3,3,"[""candidate_vinhomesonline"", ""card_candidate"", ""unmapped_project"", ""status_sold""]",property_candidate:vinhomesonline:p2-b022-secondary-a4
586,vinhomesonline,https://vinhomesonline.vn/tin/p1-c014-secondary-a4,p1-c014-secondary-a4,2026-06-14T04:45:56.373519+00:00,"Khu đô thị Hồng Hạc City Gia Lâm, Hà Nội",,"bán Mã: C014 37.3 tỷ 116,4 triệu/m² Bán Văn phòng C014 — Khu đô thị Hồng Hạc City Gia Lâm, Hà Nội Văn phòng",,other,sale,37300000000.0,116400000.0,,320.0,3,1,"[""candidate_vinhomesonline"", ""card_candidate"", ""unmapped_project"", ""status_sold""]",property_candidate:vinhomesonline:p1-c014-secondary-a4
587,vinhomesonline,https://vinhomesonline.vn/tin/p5-c026-secondary-a4,p5-c026-secondary-a4,2026-06-14T04:45:56.373519+00:00,"Khu đô thị Thiên Phú Park Văn Giang, Hưng Yên",,"bán Mã: C026 14.4 tỷ 48,3 triệu/m² Bán Biệt thự song lập C026 — Khu đô thị Thiên Phú Park Văn Giang, Hưng Yên Biệt thự song lập",,villa,sale,14400000000.0,48300000.0,,297.0,1,3,"[""candidate_vinhomesonline"", ""card_candidate"", ""unmapped_project"", ""status_sold""]",property_candidate:vinhomesonline:p5-c026-secondary-a4
588,vinhomesonline,https://vinhomesonline.vn/tin/p5-a012-secondary-a4,p5-a012-secondary-a4,2026-06-14T04:45:56.373519+00:00,"Khu đô thị Thiên Phú Park Văn Giang, Hưng Yên",,"bán Mã: A012 4.8 tỷ 103,5 triệu/m² Bán Biệt thự tứ lập A012 — Khu đô thị Thiên Phú Park Văn Giang, Hưng Yên Biệt thự tứ lập",,villa,sale,4800000000.0,103500000.0,,46.0,5,2,"[""candidate_vinhomesonline"", ""card_candidate"", ""unmapped_project"", ""status_sold""]",property_candidate:vinhomesonline:p5-a012-secondary-a4
589,vinhomesonline,https://vinhomesonline.vn/tin/p4-b010-secondary-a4,p4-b010-secondary-a4,2026-06-14T04:45:56.373519+00:00,"Thành phố Bình Minh Ocean Cam Lâm, Khánh Hòa",,"bán Mã: B010 6.3 tỷ 41,4 triệu/m² Bán Biệt thự song lập B010 — Thành phố Bình Minh Ocean Cam Lâm, Khánh Hòa Biệt thự song lập",,villa,sale,6300000000.0,41400000.0,,152.0,1,4,"[""candidate_vinhomesonline"", ""card_candidate"", ""unmapped_project"", ""status_sold""]",property_candidate:vinhomesonline:p4-b010-secondary-a4
590,vinhomesonline,https://vinhomesonline.vn/tin/p3-c002-secondary-a4,p3-c002-secondary-a4,2026-06-14T04:45:56.373519+00:00,"Vịnh Ngọc Riverside Dương Kinh, Hải Phòng",,"bán Mã: C002 33.7 tỷ 114,8 triệu/m² Bán Biệt thự shop C002 — Vịnh Ngọc Riverside Dương Kinh, Hải Phòng Biệt thự shop",,villa,sale,33700000000.000004,114800000.0,,294.0,2,3,"[""candidate_vinhomesonline"", ""card_candidate"", ""unmapped_project"", ""status_sold""]",property_candidate:vinhomesonline:p3-c002-secondary-a4
591,vinhomesonline,https://vinhomesonline.vn/tin/p2-d026-secondary-a4,p2-d026-secondary-a4,2026-06-14T04:45:56.373519+00:00,"Đại đô thị An Lạc Garden TP. Thủ Đức, TP. Hồ Chí Minh",,"bán Mã: D026 12.3 tỷ 107,8 triệu/m² Bán Biệt thự tứ lập D026 — Đại đô thị An Lạc Garden TP. Thủ Đức, TP. Hồ Chí Minh Biệt thự tứ lập","P. Thủ Đức, TP. Hồ Chí Minh Biệt thự tứ lập 3 PN 4 WC 114 m²",villa,sale,12300000000.0,107800000.0,,114.0,3,4,"[""candidate_vinhomesonline"", ""card_candidate"", ""unmapped_project"", ""status_sold""]",property_candidate:vinhomesonline:p2-d026-secondary-a4
592,vinhomesonline,https://vinhomesonline.vn/tin/p2-b024-secondary-a4,p2-b024-secondary-a4,2026-06-14T04:45:56.373519+00:00,"Đại đô thị An Lạc Garden TP. Thủ Đức, TP. Hồ Chí Minh",,"bán Mã: B024 14.7 tỷ 60,7 triệu/m² Bán Nhà phố B024 — Đại đô thị An Lạc Garden TP. Thủ Đức, TP. Hồ Chí Minh Nhà phố","P. Thủ Đức, TP. Hồ Chí Minh Nhà phố 2 PN 4 WC 243 m²",townhouse,sale,14700000000.0,60700000.0,,243.0,2,4,"[""candidate_vinhomesonline"", ""card_candidate"", ""unmapped_project"", ""status_sold""]",property_candidate:vinhomesonline:p2-b024-secondary-a4
593,vinhomesonline,https://vinhomesonline.vn/tin/p1-c016-secondary-a4,p1-c016-secondary-a4,2026-06-14T04:45:56.373519+00:00,"Khu đô thị Hồng Hạc City Gia Lâm, Hà Nội",,"bán Mã: C016 27.4 tỷ 112,8 triệu/m² Bán Mặt bằng bán lẻ C016 — Khu đô thị Hồng Hạc City Gia Lâm, Hà Nội Mặt bằng bán lẻ",,other,sale,27400000000.0,112800000.0,,243.0,2,4,"[""candidate_vinhomesonline"", ""card_candidate"", ""unmapped_project"", ""status_sold""]",property_candidate:vinhomesonline:p1-c016-secondary-a4
594,vinhomesonline,https://vinhomesonline.vn/tin/p5-c028-secondary-a4,p5-c028-secondary-a4,2026-06-14T04:45:56.373519+00:00,"Khu đô thị Thiên Phú Park Văn Giang, Hưng Yên",,"Bán Biệt thự song lập C028 — Khu đô thị Thiên Phú Park Văn Giang, Hưng Yên Biệt thự song lập",,villa,sale,12100000000.0,40700000.0,,297.0,4,3,"[""candidate_vinhomesonline"", ""card_candidate"", ""unmapped_project""]",property_candidate:vinhomesonline:p5-c028-secondary-a4
595,vinhomesonline,https://vinhomesonline.vn/tin/p5-a014-secondary-a4,p5-a014-secondary-a4,2026-06-14T04:45:56.373519+00:00,"Khu đô thị Thiên Phú Park Văn Giang, Hưng Yên",,"Bán Nhà phố A014 — Khu đô thị Thiên Phú Park Văn Giang, Hưng Yên Nhà phố",,townhouse,sale,11700000000.0,65200000.0,,179.0,5,2,"[""candidate_vinhomesonline"", ""card_candidate"", ""unmapped_project""]",property_candidate:vinhomesonline:p5-a014-secondary-a4
596,vinhomesonline,https://vinhomesonline.vn/tin/p4-b012-secondary-a4,p4-b012-secondary-a4,2026-06-14T04:45:56.373519+00:00,"Thành phố Bình Minh Ocean Cam Lâm, Khánh Hòa",,"Bán Căn hộ B012 — Thành phố Bình Minh Ocean Cam Lâm, Khánh Hòa",,apartment,sale,9500000000.0,43100000.0,,221.0,5,3,"[""candidate_vinhomesonline"", ""card_candidate"", ""unmapped_project""]",property_candidate:vinhomesonline:p4-b012-secondary-a4
597,vinhomesonline,https://vinhomesonline.vn/tin/p3-c004-secondary-a4,p3-c004-secondary-a4,2026-06-14T04:45:56.373519+00:00,"Vịnh Ngọc Riverside Dương Kinh, Hải Phòng",,"Bán Penthouse C004 — Vịnh Ngọc Riverside Dương Kinh, Hải Phòng Penthouse",,other,sale,6200000000.0,92500000.0,,67.0,1,2,"[""candidate_vinhomesonline"", ""card_candidate"", ""unmapped_project""]",property_candidate:vinhomesonline:p3-c004-secondary-a4
598,vinhomesonline,https://vinhomesonline.vn/tin/p2-d028-secondary-a4,p2-d028-secondary-a4,2026-06-14T04:45:56.373519+00:00,"Đại đô thị An Lạc Garden TP. Thủ Đức, TP. Hồ Chí Minh",,"Bán Biệt thự đơn lập D028 — Đại đô thị An Lạc Garden TP. Thủ Đức, TP. Hồ Chí Minh Biệt thự đơn lập","P. Thủ Đức, TP. Hồ Chí Minh Biệt thự đơn lập 1 PN 3 WC 55 m²",villa,sale,6400000000.0,115900000.0,,55.0,1,3,"[""candidate_vinhomesonline"", ""card_candidate"", ""unmapped_project""]",property_candidate:vinhomesonline:p2-d028-secondary-a4
599,vinhomesonline,https://vinhomesonline.vn/tin/p2-b026-secondary-a4,p2-b026-secondary-a4,2026-06-14T04:45:56.373519+00:00,"Đại đô thị An Lạc Garden TP. Thủ Đức, TP. Hồ Chí Minh",,"Bán Biệt thự đơn lập B026 — Đại đô thị An Lạc Garden TP. Thủ Đức, TP. Hồ Chí Minh Biệt thự đơn lập","P. Thủ Đức, TP. Hồ Chí Minh Biệt thự đơn lập 3 PN 1 WC 136 m²",villa,sale,8900000000.0,65500000.0,,136.0,3,1,"[""candidate_vinhomesonline"", ""card_candidate"", ""unmapped_project""]",property_candidate:vinhomesonline:p2-b026-secondary-a4
600,vinhomesonline,https://vinhomesonline.vn/tin/p1-c018-secondary-a4,p1-c018-secondary-a4,2026-06-14T04:45:56.373519+00:00,"Khu đô thị Hồng Hạc City Gia Lâm, Hà Nội",,"Bán Biệt thự tứ lập C018 — Khu đô thị Hồng Hạc City Gia Lâm, Hà Nội Biệt thự tứ lập",,villa,sale,13400000000.0,44000000.0,,304.0,2,4,"[""candidate_vinhomesonline"", ""card_candidate"", ""unmapped_project""]",property_candidate:vinhomesonline:p1-c018-secondary-a4
